query_time,user_id,query,result_rank,click_rank,click_url,matched_seed
C4834FD969574A71FD08D10CF73AD60B,1,笔记本电脑500g硬盘,windows7ultimate,音频驱动器官方下载,助学贷款条件,笔记本电脑
82270AC711633C51A8F72D8E18BD2392,1,红色口红推荐,珍惜你所拥有的英文,世纪末的魔术师优酷,饥饿鲨,口红
E9CF0D2C16B1EC3006A5FD0764A3739A,1,一叶子面膜怎么样,军训自我鉴定,雪莉,职务与职称的区别,面膜
F54D52B88552CA02ECB501D573A0794A,2,一叶子面膜怎么样,贝贝母婴网官网,粉橙色毛呢大衣搭配,击弦,面膜
89218890AA52EA6732804EA14D9F41F6,2,紫光电子平板电脑怎么样,不说再见杜银玲,苹果4一打开马上黑屏,中国范儿 玖月奇迹,平板电脑
D563FF0FFE32C129DB47F61D266953B7,4,吏努比洗发水好吗,马齿苋的做法,孕妇可以去庙里吗,猴年男宝宝名字大全2016,洗发水
919ACDB6C984D337BB01AA78084A2E82,1,什么牌子口红好用,泰昊个人资料,像你爸妈那样,世界上最贵的猫,口红
726BD3BEB6CABDE6411F9012B35D5157,2,敷春雨面膜需要洗脸吗,铜陵学院学工系统,悦诗风吟黄金橄榄油,今年暑假民政部门对贫困户建档立户程序,面膜
73831855CDCD2DFF2FC45BF9FCAC2405,2,笔记本电脑滴滴滴响,教师编制,中国大陆禁止的app,新思路手机软件,笔记本电脑
CE4D4EC0EFBCB4E714E0CE70F3B8BB18,3,一叶子面膜怎么样,一叶子面膜多少钱一盒,蛋炒饭怎么做好吃,学习机,面膜
3CAB3EC740F434AE465542D50CC15DA3,2,麦克侬口红怎么样,蔡少芬,我的家在东北松花江上歌曲,白糖洗脸的好处,口红
2D4598460DD02F832B5C9DE1EC7605F8,2,怀孕可以用猪皮面膜吗,怀孕适合用什么面膜,没带身份证怎么住酒店,长方形格子的面积公式,面膜
A19B3C75F94B07BB37A42A5B48DD3072,2,圣罗兰橘色系口红推荐,武进人民医院招聘,常州钟楼卫生院护士招聘,迪奥口红橘色,口红
4D5BB724D617F373F88F43FD0F133A24,2,sum37泡泡面膜怎么样,虐恋情深 小说现代,指甲油的危害,灰姑娘与四骑士百度云,面膜
5032665D06BFC38578F7FD95036D7D5A,3,美宝莲的好气色口红的樱桃红05怎么样,写给未来老公的一封信,2016年燃气价格是多少,等待候鸟 珍爱网南宁,口红
7611A186122E3AA66C7507AC7C63A3E6,3,鸡蛋能和什么做面膜,什么是补血圣药,什么油最适合炒菜,赵丽颖会做饭吗,面膜
E2981883B7D0024DBCE442E0C58470C1,2,一叶子面膜怎么样,以f.fe结尾加s的有,中国最大的薰衣草基地在哪,早教师资格证怎样报考,面膜
65577D591CF0D6730E9A1DBDC8C33B30,3,黄瓜面膜的功效,黄瓜面膜能天天做吗,熟悉的味道,层压,面膜
12678FE67B8F16E926D0CB8487AC7688,3,一叶子面膜怎么样,什么牌子的粉底比较保湿,于小光个人资料照片,周星驰导的电影有哪些,面膜
B12B99B6FFBFBE8D0E107061AB7E9391,1,面膜泥怎么涂,三盛集团董事长杨年华,火影忍者中那些人是上忍,6943750066152,面膜
618FE1F3B04FBDD19E2530DFA94B64D8,1,笔记本电脑什么牌子好,盖世英雄中的美女,三星s6edge十,越野驾驶沙漠中文版,笔记本电脑
4744ED170F40ACCDBCBFF07CE29ED77B,1,面膜几天敷一次最好,满腔热血的碰壁,成都机场附近有地铁吗,哥诗达,面膜
CDF275B41489236D554BCB1A33C566DA,3,水光面膜多少钱一盒,青云志白雪,梅毒图片,港币跟人民币的汇率,面膜
06ADCFE391856794D8F400300DAF5DBE,3,可莱丝卡通面膜,廊坊环境好的咖啡厅,繁体字文章,廊坊商业银行介绍,面膜
DFF8E7700B534FE3E620A20EE44DEE3E,2,蓝牙耳机充满电有什么提示,北京有几个长途客运站,哈佛h9,c证能直接增加什么证1001c证能直接增加什么,蓝牙耳机
0E0E213F2B001776AB4562CAFED1A67B,2,清华平板电脑,乐视手机充电就关机,法国第戎发生爆炸,monster是什么意思,平板电脑
14B8453CCF0AD30287B3E925D0ECA51E,2,韩国水光樱花面膜味道,烧仙草的热量,寿司可以隔夜吃吗,丽得姿面膜新包装,面膜
5266868C79BE73D786674685480B7952,1,"很多洗发水都很好用,没有头屑 英语",某国有酿造厂,第二代身份证,中国现代有哪些商人他们的经营之道,洗发水
BD06A4931B53A2F2A9BBC6A3AB25765C,3,水光面膜多少钱一盒,北京南站,死无葬身之地,著名外国剧作家,面膜
35DC0BCB6E0DF634D72F41A01AB7E721,2,一叶子面膜怎么样,惠州西湖,雅诗兰黛好油,螺旋烫,面膜
9AD0E12A1FD04068E3B0988D956D0AC3,2,一叶子面膜怎么样,厦门大学嘉庚学院,痛经会怎样,张杰2016演唱会,面膜
CEE277B40C2C981626A058A1B12FD264,1,箭牌洗发水好用吗,leonor greyl,能离线查单词的软件,右手手心有痣的女人,洗发水
E30713DB4351B6837A582CB8C4035F22,1,台电平板电脑,惠普打印机laserjet pro 400,河南城建,阿迪达斯熊猫壁纸,平板电脑
DA8214AF94196CC55734E31C2F9E1AE0,1,馥佩面膜 荧光剂,黄疸的症状,正整数包括0吗,angelababy,面膜
26ADF6765C19D801A1A2206DD0BA5834,2,安娜苏深层清洁面膜,安利深层清洁面膜,爱德格,佐助和谁是一对,面膜
D2270301C4C5512C00FAFA68FD722EFD,3,hydra soother mask面膜,delvaux是什么牌子,iphone7图片,梦见夏天下雪,面膜
612DA5D2B6A7A2583A7ED02CCB41ACC0,3,唇釉好还是口红好,平板上的微信只能发照片吗,等,梦戴维角膜塑形镜好吗,口红
0AC10DAA9745FA651B1A2E3016D84F86,3,sniper笔记本电脑在哪,红景天的功效与作用,呵呵,成都,笔记本电脑
9CF7C734E7AE93AF5CB9F1A7A15DA9F7,3,一叶子面膜怎么样,农家媳妇的日常,脱骨香漫画全集,断玉的截面,面膜
0180A627BC940A993D3B784F8E9BC9C6,1,笔记本电脑什么牌子好,电负性最大的元素,希尔薇,艳字开头的成语,笔记本电脑
D41E050BBE8D3966BB47A222CA7F74E2,1,蓝牙耳机大概多少钱,东京食尸鬼剧情介绍,违章动物,小丑库卡和九色鹿那个好,蓝牙耳机
16F5A96DAE7FE93C9D0ED84500DD8342,2,一叶子面膜怎么样,innisfree,芜湖,百度,面膜
9F2B9042ED4C57A30EDAE3BE3393F645,1,欧莱雅面膜多少钱一盒,ktv消费账单,搏击图片,狗粮什么意思,面膜
678BC8D18E65A095A8414EADDC6509E4,2,两千以内的平板电脑,瘦大腿的运动方法,哪种代餐粉减肥效果好,海南粉汤的做法,平板电脑
AC794938F5EFC86F1247F515D89DD9C7,3,敷面膜要多久时间最好,大地飞歌是谁唱的,诛仙免费阅读,万象城有多高,面膜
E26738FA1900B18BF682D56FB8DB7AC7,2,一叶子面膜怎么样,大麦若叶的功效与作用,三星c7,鱼,面膜
454F23ECD2B2872922D42CB939C64C35,1,面膜选珠光还是没珠光的,铁马冰河入梦来上一句,长征途中打的最持久的一场战役是,散光,面膜
7A0561A7750DDD2E15B7225E9E86279F,3,一叶子面膜怎么样,谢杏芳,反孔精英脸部底霜怎么样,姜茶的功效与作用,面膜
FE62B3523FB6BC205C1A380A6A9A1729,1,笔记本电脑黑屏怎么办,必须正确认识我国社会内部大量,筹款 感人的话,山东农业大学,笔记本电脑
CF62536206C9E35B78E1443299E907AF,1,高中女生适合用什么口红,一高中灯塔市,白头照片,内分泌失调是什么意思,口红
0E495480E2F683BAFF7871504C490A94,1,一叶子面膜怎么样,一个人可以开几个网银,一个人去大学报道,女生染什么颜色头发好看,面膜
164C2572E6ABE6781D1D08C1F056437F,3,迷丝香洗发水,睡前运动好吗,杨慧个人资料简介,伯来雅,洗发水
C18F9FE721AA83E4251068F476475713,3,佰肤草多肽驻颜修护原液蚕丝面膜,把什么都看淡的说说,一字扣高跟鞋搭配图,住在二楼沙发怎么摆放,面膜
CC224592874203312F8A2C56A9F858C7,4,洗发水什么牌子好,香水梨,欧贝诗适合什么年龄,甲硝唑片说明书,洗发水
F4A4211578C404E1DEA3BE10B5C97692,2,台电平板电脑,双系统平板怎样直接换系统,骨折手术后期应该喝骨头汤,神马电影院,平板电脑
EB8FE2940E727ACA98F33230C018015B,2,面膜膜法世家,支付宝客服电话,股癣的危害,麽法世绿豆面膜,面膜
ACEDAE7CD48C8699F0B268FE66629AED,2,揭开面膜,马程程方圆不同姓,抗日战争电视剧,语言班学什么,面膜
442F3C89000745684388428FAC3840FF,2,一叶子面膜怎么样,腰子是什么,新生儿头上的脏东西是什么,孕30周肚子隐隐作痛,面膜
4D11913E40F5D6E66B119FC1B19DAE70,3,清洁面膜排行榜10强,完美告白,大学生西部计划官网,2016广西大学生村官报名时间,面膜
71D090050D8DF228392452B82437D9C0,1,一叶子面膜多少钱一盒,一叶子面膜多久敷一次,向佐,最丑的男明星排行榜,面膜
B5375590CB6A0CFB04529BCA37E988A5,2,可莱丝卡通面膜,刘嘉玲,素萃黑面膜怎么样,适合油性皮肤的护肤品品牌,面膜
E1AEC67625E55BF057A7EAFD36937755,1,联想笔记本电脑排行榜,三星r系列笔记本,百度,农行跨市取钱扣多少手续费,笔记本电脑
3D359A6E9662AD9870C239EF42066585,2,一叶子面膜怎么样,萌鬼当家赖定神秘悍妻,烧卖的做法大全图解,"悍妻当家:娘子,轻点打什么时候更新",面膜
BEAF7BFC11A93DAA6B8CEFE4A96D1B41,2,台电平板电脑,花都之绝品高手1002无标题,一屋老友记百度云,闲鱼,平板电脑
C7C1A6A670133A02796A5ABD2C679A61,1,绿豆粉面膜的危害,男士260是多少码,张家口大吗,曲别针有多少厘米,面膜
08D474DD4B4A9C30D9A7D7334009A8C5,1,国产洗发水品牌排行榜,朱雀与凤凰是什么关系,韩安冉,四平青年4,洗发水
5A7FDD2986D580695DE42A52869CDC93,3,哪种洗发水防脱发效果好,极乐净土为什么这么火,百度图片,大众polo倒车影像图片,洗发水
425471A48B85BC86D73077F152D6940B,1,油性皮肤diy面膜,人民共和国,黄瓜汁的功效与作用,善纪草护肤品适合年龄,面膜
87438A7817490ABF018C8A45738D9D12,2,绿豆面膜,椒盐排骨的做法,人民解放战争,宋欣佳怡,面膜
D70888CD23F5D9CF280A3EF90A182D10,1,皮肤较黑适合什么颜色口红,哈莎莉 马洛特拉简介,卡琳娜 japue,坐火车能带洗发水吗,口红
5DF83028FE989002650D7EEBBC154293,2,一叶子面膜怎么样,阮颜顾惜城免费阅读,红楼作者,pass掉是什么意思,面膜
5006782A1EDA30273E479FA880C5E47C,2,沙宣洗发水含硅油吗,超纤皮,河南大学,我去上学了,洗发水
CA242F5F784FE3DAE7E6E063CD808E3A,5,波司登羽绒服,搞笑吧动态图片gif,芜湖大桥镇租房信息,夏雨荷是谁,羽绒服
285095066A13E3C40EC8F9226130AE69,2,美丽誓言口红,招商信用卡逾期的后果,平顶山中心站和长途汽车站,少林寺,口红
F35823EF91C832067042A7E54952858A,1,圣罗兰橘色系口红推荐,rosemary是什么意思,芜湖,起床的英文,口红
F8E77493C2CD5F908DEBF8DEF8DAF36B,1,美肌面膜男的可以用吗,怎么摩嗓子,大主宰,西安地铁三号线车厢,面膜
95AC5059FE75D1660E58014C43A24FD3,3,做面膜影响喝酒吗,g7292,里约奥运会德国男足名单,重机枪,面膜
5F6E39FAE1A56281EE45B57F1DFAFD1F,1,笔记本电脑触手,微微一笑很倾城电视剧在线观看,龙王传说,第一次应该怎么跟妹子qq聊天,笔记本电脑
A1361EC105FB45D8806F668B43EE95CD,1,凡士林自制口红,那好吧下载,淘宝上专利文献是什么,百度,口红
C9DAB7DAB20FBC3CC91958A93FE2754C,1,什么颜色的口红适合40+的中年人,parked影评,英文,科林摩根和布莱德利,口红
3FFE99F3C3C520022A4980BEC0707DB6,2,面膜每天都要敷吗,自考新闻学就业前景,洗完头发是先用护发素还是发膜,大丫鬟之流云似水,面膜
2473586C111734C16E209DEBC65EF708,1,豆蔻洗发水怎么洗,人民币和韩元汇率,微博怎么激活,黄一琳直播,洗发水
E983DA0F4B73D46B501DBDA80991C1E0,1,天天敷青瓜面膜可以吗,现实生活中的诚信例子,良心经营的作文,良心油条哥高中作文,面膜
A0A33C631A4218323C48135E601F98C5,5,自制牛奶蜂蜜美白面膜,直肠癌,装酷网,手机接收彩信收费吗,面膜
33191E86BB35707FD3EB7CA5E262CE03,3,笔记本电脑忽然关机开机没反应了,哈弗h7l论坛,传祺ga8,海马是合资车还是国产车,笔记本电脑
BAA65EC70D5033AC3F1BEE767337C8C6,4,哪种洗发水防脱发效果好,祁隆的全部歌曲 情歌,夸张句大全,听雨短文阅读答案,洗发水
BB4594E4CE585C7D57254E02D0979BBE,2,口红德国,kiko口红试色9系,圆通,资生堂的唇膏要美代,口红
42E0A35694D42D227536EF9386F12FBA,3,一叶子面膜怎么样,婚庆布置乡下怎么办,古董收藏图片,超极本,面膜
F11BCEEA48AA89042895D61DE19D21FA,3,laneige/兰芝臻白修护睡眠面膜 美白补水保?百度,测试皮肤类型,啊米托佛bb霜,9月9号武汉梦想之夜巨星演唱会 韩国女团,面膜
DFEF3FBF8E1D9381F54F469895E6EFB6,1,笔记本电脑怎么才能上网,中国政法大学迎新网,"有一个故事是古代女主重生,两世都有空间,父",北京西站在几环上,笔记本电脑
FDAC6B55C8CB7DF25F54733390259A35,1,平价好用的口红,比度克,我爱你大叔,徐娇,口红
63469455E86FF3CD89550D34A46B5564,3,kose cosmeport面膜使用说明,天津食品批发,会籍顾问,梦见老人,面膜
CE361636D56BB64AC6799E027EB848FA,1,walabot手机壳,安锋游戏助手,机顶盒连接的是什么,马云给创业者的忠告,手机壳
6287E1332B68E4B2B6FCDA0B15495B00,2,和杨洋拍洗发水广告的女孩,任娜英视频,个性头像2016最新版,拔完牙可以一直空着吗,洗发水
E407DFE819F6849A2A2D80925698A758,1,韩国面膜价格表,张一山杨紫综艺节目,急中生智反戈一击,6934803302907,面膜
9D76FE5D4D81F7CF9DA2E449B1AB3017,2,惠凯平板电脑多少钱,无锡拈花湾,杭州g20峰会时间直播,无锡招聘信息,平板电脑
A5CB9847D8567DB64F50BFBCBDF7724B,1,睡眠面膜有哪些牌子,金宇彬申敏儿,补水面膜排行榜10强,微微一笑很倾城台词图片,面膜
828AEEF4BCB850BA95DD888B9D317867,1,苹果笔记本电脑上咋装dnf,择天记第二季动漫,dnf占用内存多少,1g流量等于多少兆,笔记本电脑
6253719E9870C260CD9B07183908E37B,1,雪花秀拉丝面膜从下往上撕吗,最近一段时间没吃早餐,海汽集团,徐娇,面膜
FDF71E14838ADB03DCAF601875301F6F,1,一叶子面膜怎么样,韵达快递多长时间能到,知夫泉奢宠水光面膜,只是朋友,面膜
B7CDDD7B36393A4837420DECF1DE7EF7,3,经常用笔记本电脑开wifi好吗,"编写程序,由键盘任意输入三个1位整数(第一?重庆南岸办健康证在哪里",自贡市贡井区邮政编码,联盟发展方向,笔记本电脑
F81C083E7832499E25B6448F507F2B88,2,3d面膜怎么样,是真的吗主持人黄西,抽噎的读音,宋茜的男朋友,面膜
23FA378BC162FD0DA4F886055A661335,1,华为5s手机壳,地球大小,电影,镇魂街,手机壳
ED18B0A23594E04901FFFDA47840C68D,2,笔记本电脑搜索不到无线网络,推理故事和答案大全,火焰纹章新暗黑龙与光之剑第十九,梦见被蜜蜂蜇是什么意思,笔记本电脑
1856D4A550B3534E8579EDA78B750EC1,1,用zuzu面膜脸上火辣辣的怎么回事,淡淡的幸福,签名简单好看的,妻子的诱惑,面膜
08132C14AB453678ED5161A6E9DDEC71,1,一叶子面膜怎么样,类似于妖精的口袋的品牌,迷儿钢琴简谱,lohashill,面膜
6A472F7A323BF918039263CA2C7115A2,1,笔记本电脑开机黑屏,好听的老歌,逆战军衔显示别的图标,鼻子出油怎么办,笔记本电脑
BB27C577ACDA4C9FBF00DB68BE32EA7A,2,一叶子面膜怎么样,武汉五里墩地铁站到武汉玛雅公园,磨脚的鞋怎么处理,狮子座女生,面膜
48DF1C915D6B91BC588107AC2118D1D1,2,佰肤草面膜相关价格表,周生生官方旗舰店,小男孩传裙子的照片,小精灵,面膜
10EEF3794F405C7A84C1A152DFD031F2,4,牛奶面膜可以天天做吗,网王popo毒药,黄瓜面膜能天天做吗,快穿之肉糜糜烂百书楼,面膜
E6F6DC7FC443092C7B580A6EC0EB916F,4,过期的面膜还能用吗,微微一笑很倾城同人小说原创女主,bau,女主空间修仙文,面膜
4D0BFA06F63B0BB571B1401420FE2533,3,一叶子面膜怎么样,微商代理费设置,在小镇上开个快餐店怎么样,我想有个稳定的工作,面膜
460604CD8FCEAD7932A66BF8C5B0D38E,2,台电平板电脑,肺癌晚期,夏桀,肺癌晚期需要切除肺叶么,平板电脑
5A6F63EC53E142DFDEB8E0BD261C6393,2,一叶子面膜怎么样,郭富城电影,精武风云之陈真演员表,免费小说,面膜
7FEC7FD5A10141E32E31B1B0E8C15665,3,尿道口红肿 性病,折腾 英文,得了龟头炎什么时候治疗最好,生殖器溃疡,口红
2884CBCBEB8CA55F620B7074992F7DE6,2,蔻辰面膜卖点和功效,经济独立的女人最美,神马电影院,蔻辰睫毛膏为什么还涨价,面膜
E7FAE6E17511257ADFC6CC9F6B058D6B,1,笔记本电脑ips屏幕,ips屏幕,1080p和ips屏幕,麻雀更新时间,笔记本电脑
4CBF8AA38C6200B454213B2A3C3A4B86,2,笔记本电脑一般满电用多长时间,笔记本电脑什么牌子好,日本国旗的含义,笔记本电脑随意打开一任务多长时间,笔记本电脑
797248DCCB7F67DCEC40E447C54521D2,2,买什么平板电脑最好,虎牙直播看重播怎么看不了了,调节内分泌失调的西药,怎么样才能控油,平板电脑
EB9506B1DC2D487F6EC30275935C06B5,2,一叶子面膜怎么样,青云志17-18集百度云,青云志第21集百度云,青云志26百度云,面膜
D24E8E38925C7163C86BA55C00F75111,3,裙子配运动鞋,黑的英文单词,少年各,龙王传说,运动鞋
B0ACEB2CF5C957315FBA8ABAC4041112,2,一叶子面膜怎么样,气血虚是什么原因引起的,韩束一叶子面膜功效,美国山核桃,面膜
0FEC87A28520FB97A28CDB3643DC02D7,1,用撕拉面膜毛孔会变大,中国旅游景点排名,fresh,浮夸mama现场版,面膜
1B13D9D1AB561D36E3B66A1D7E12A460,1,笔记本电脑怎么设置美式键盘,衡阳东方女子医院人流,衡阳移动网上营业厅自选号码,检查是否怀孕挂什么科,笔记本电脑
7197D6AFCB291C1EF6E8C3B21869D5E6,1,2.15年韩板羽绒服,长披肩外套夏天的,重度残疾人养老保险,2016年国庆休息几天,羽绒服
665DEFFCCDD5D88C67173DE26044BF7C,2,最新毒面膜,干巴爹,奇迹贼卡组,2016山西学业水平测试,面膜
1B6C47B7E38984DF18F28C65CE0B7A3D,5,洗发水什么牌子好,杨洋的女朋友,尿毒症,陈永青,洗发水
199B3B8F394125761C92264FA906B243,1,笔记本电脑什么牌子好,飞机票,大主宰,大主宰灵路微电影,笔记本电脑
12914BF5B638FB4A9BDB562D37BFBA53,1,oppor9手机壳图片,余罪第二季,qq头像,嘿晚安薛之谦,手机壳
85585F8BA234B74175D793A37BEC8DB5,3,什么牌子的羽绒服好看质量又好,石榴籽能吃吗,最凉不过人心下一句,离婚语录经典语录,羽绒服
3DD1C6E1F39DF593DC838DA2AC358C7A,3,钰肤嘉面膜多少钱一盒,泰国电影,水妖孕妇能用吗,滕州小餐桌招聘,面膜
4029E8DAD34A483D49AD588085BAB23F,4,蓝牙耳机在没接通电话是有磁场吗,led照明灯,3d瓷砖背景墙效果图,东方豪园 价格暴跌原因,蓝牙耳机
967D7997885D44A53BD3C7A3879FE003,2,蚕丝蛋白保湿面膜多少钱,怎么快速剥蒜皮,肠炎服什么药效果好,月经色黑粘稠怎么回事,面膜
18690E2A28D100B108BCEA96CAFA1D71,1,格尼星净水器怎么样,昴日星官,手臂痣的位置与命运图,西安火车站到高铁站路程,净水器
72C0A6136050F38ED5B8CA72ABF28AD1,1,笔记本电脑什么牌子好,中秋周记400六年级,穗能组什么词,把8.39缩小到它的十分之一是,笔记本电脑
38CE05856AF0443A9AB98487343DB935,3,一叶子面膜怎么样,舞蹈语汇,箱子里的梦舞蹈视频,舞蹈计划结构表,面膜
EA5AB2683CDB70808BC57577209B76A8,1,含荧光剂的面膜品牌,阅读困难症 英文,日本酵素180颗,春舞,面膜
A59D2933F502C468C4670E876B2371EC,2,笔记本电脑前置摄像头像素,大学的综合测评有什么用,fischer投影式 横键竖键是什么,殡仪馆 湛江霞山区,笔记本电脑
DC177BF623596F885FA21FA061EF5070,2,婴儿面膜真假分辨图,淘宝刷好评兼职靠谱吗,做灯笼的方法图片,淘宝刷单流程,面膜
C54EDE8C6C4372CABD8D7765F50343E6,1,笔记本电脑什么牌子好,麻将有多少张,导航,xl有多大,笔记本电脑
BBC574EAD7E7B62C98356E7A0798E36C,2,一叶子面膜怎么样,手写文字图片,轻小说便当中作为主角洋抢夺变当时敌人,410213567400,面膜
DE4070736475439FD71A795E52B290A3,1,超滤净水器有异味怎么办,旅馆房间内有摄像头吗,大韩女兵尴尬着装图片,二战德国参战的兵力,净水器
E870E5E0892995B3793AEC9E8355FBD9,4,龙狮戴尔羽绒服图片,适合女孩子的英文名,绿豆凉粉怎么做好吃,参松养心胶囊价格,羽绒服
9E54242117F10D7A5D014928C0A8E2A2,3,敷一叶子面膜有刺痛感,雅迪电动车三挡的如何破解,桃心发型图片男,哪里有免费的小说下载,面膜
78FE2F1F83BAFD99D42C4D886ED3895F,2,简约的机械键盘,by2是双胞胎吗,有什么日本的电视剧ga好看的,盗墓笔记张起灵的身世,机械键盘
4846276D42C47A8F93A6AEEE4E946044,3,一叶子面膜怎么样,谢杏芳,国家副委员长王成,熊猫香烟价格,面膜
C9DFFFE3603F694DBD397CD4D1BF3142,1,chanel口红,蓝瓶三精葡萄糖酸锌,人民路万达广场,百度,口红
B62CAAF88C994E09D608A83203346704,2,mac口红see sheer试色,岳阳人才市场最新招聘信息,青云志剧情介绍,生日朋友祝福语,口红
93CED595EAD9BC8FE300320442FFB9A4,1,笔记本电脑开机黑屏,华硕x53b拆机图解dvd,成都新东方烹饪美女,无锡旅游商贸高等职业技术学校,笔记本电脑
CE3DDCD07F19A3BF848E57394DDF145D,5,笔记本电脑进水键盘失灵怎么办,把感动留在人间,寞歌,圆通伊春电话号码多少,笔记本电脑
0B0BE4C62E19BA1836409B9B61BDE9FB,3,得鲜面膜孕妇能不能用,孕早期肚子隐隐作痛有白色流出,怀孕吃了山楂片,怀孕初期子宫开开始增大,面膜
A9F5990FF403DC46B62C39EBFE71E634,2,樱草面膜,毛豆,上海华东政法大学,红色的土豆能吃吗,面膜
D91840BF11867882B1CD8DB55A77236F,2,红豆的羽绒服怎么样,活着,西游记之三打白骨精,二手钢琴赶集网,羽绒服
364F7DCD0E79BF3010179AEAEB3085E1,3,古瓷面膜怎么样,番禺钟村雄峰公寓,顺德陈村海升,we公馆为何这么便宜,面膜
524DCFA1579A6F8279C409E7F6BF00FF,2,怎么撕面膜,寒毛和汗毛,http 210.43.24.7080/selfseverice,小三阳,面膜
975F6F51D667C7B89537635133557260,1,笔记本电脑什么牌子好,邪恶漫画欲望列车,let her go 用什么吉他,平板截屏,笔记本电脑
27DDEB260671941AFC4B2E6B2C13B35F,1,自然乐园夏威夷面膜,大连财经学院校历2016,极乐净土为什么这么火,剑网三长歌心法,面膜
8F67477CD623FD81669D9D802DB1F0E6,1,迪奥口红真假辨别,戍足叫函谷举句式,中国哪个大学叫庆大,生孩六月慈父见背,口红
C4D74377F55A570B3B5631D25DC7919F,1,达尔优机械键盘,高潮,云南面积多少平方公里,英雄联盟2015世界总决赛,机械键盘
F24064842F38E8CB0E407D6EE1508BBF,1,一叶子面膜怎么样,有爱的词语,首席老公霸道宠宝贝继续,特色菜谱大全,面膜
F550FE8D9F754671FEB31AFD33FFB489,2,联想小新700电竞版15.6寸游戏笔记本电脑,16年里番链接怎么看,华为4c,宏碁官网,笔记本电脑
7DD4D51CACCDC42A99BA8D0D2FE39F4D,3,百雀羚面膜后面的c/5是什么意思,御泥坊小迷糊面膜好吗,德邦物流股份有限公司,婴儿面膜真假分辨图,面膜
D04BC481B330B36144397884544FF339,1,3ce口红多少钱一支,关于秋天的作文,3ce什么最便宜,语爱是什么意思,口红
3130F64FF63C39E7CB3203A8550C5574,1,一叶子面膜怎么样,淮南师范学院校园卡可以退订吗,皖西学院,联通卡最低月租多少,面膜
E2FA3E8AAAF433074716DD5C34A74D93,2,亚缇克兰的清洁面膜,牙龈炎变牙周炎,蓝石莲又名,牙齿黄金咀嚼片,面膜
2580F825654656B02CCD1AABCF0F9824,3,绿豆面膜,酸菜鱼的做法,蛋炒饭怎么做好吃,洋葱炒肉,面膜
259EEB95E2A0E3B0D0E17A671CE19CD5,2,skin79面膜官网价格表,书包网h合集小说txt,没能力施展自己的才华用成语怎么形容,西游记之三打白骨精,面膜
08E5FC98CC6C9D12DC4368B0065AE397,3,日本熊野马油洗发水,159素食全餐的危害,爱菲亚洗发水成分,意林草堂官网,洗发水
D472A4C90D8F79611CFDA7F11ED76E24,4,黑乎乎的面膜,神州专车,炒菜都有哪些好吃的酱,麻辣变形计演员表,面膜
61057AFA6DF23FDEC5AA954D3CF0468D,4,笔记本电脑搜索不到无线网络,驾驶证考试流程,小说排行榜2016前十名,星城在哪里,笔记本电脑
59F0B2C383A4CDF752A5B6CBB8A4EF43,1,海藻面膜千万别买,黑枸杞可以用冷水泡吗,滴滴出行没有微信怎么弄,宾馆里的电脑怎么开,面膜
28A419D4C9BAFB781BB99A60C6B10C38,2,笔记本电脑牌子排名,微信多开软件免费下载,联想g450笔记本,为什么早晨起来胸口闷,笔记本电脑
5737069F902A89F4313F473C2038A35B,3,一叶子面膜怎么样,无线网显示403什么意思,身份证丢了怎么坐飞机,中药补药怎么煎,面膜
A52C221A6E09560DD13C07B5B60EE8BC,3,一叶子面膜怎么样,拔罐多长时间合适,艾缇雅养巢包使用方法,为什么喝啤酒头晕白酒不头晕呢,面膜
F4BAACA7A8706DC8F7A5737739AB4D3A,3,台电平板电脑,在韩国打工一月大概多少钱,总裁放肆宠权帝琛,黛莱美面膜多少钱一盒,平板电脑
E5DCE4A62B4B49F5CC5E628A97E02835,1,口红起白道,陈伟霆吻戏,皮炎用什么中药,郭富城熊黛林,口红
74A3FD3F5C0E8C01A782A5E6F98D4529,2,笔记本电脑路由器设置,穿越之闲人修仙,南城旧事,书包网,笔记本电脑
3CFB47188A00F3D1368A7084273B4FDD,1,一叶子面膜怎么样,人不为己天诛地灭的真正含义,湖南岸阳,河南大学,面膜
B98DFE0B7598E9C9DE21A411FD49F491,1,美白面膜自制方法,绿茶粉面膜,"肚子里有气,老放屁",怀孕肚子硬还是软的,面膜
174973B0FE881F5F2DA28433BA507A9C,1,台电平板电脑,西红柿丝瓜的做法大全,中华烟一条多少包,手工展板图片,平板电脑
71F7367ED70E6C0D27A9002A04E345BA,1,生姜洗发水排行榜,网上礼品免费送是不是真的,上海昌硕科技有限公司招聘,煮过的鸡蛋掰了皮里面有黑是怎的了,洗发水
7FDE33019CAA1D7603E06DE41526DF61,3,一叶子面膜怎么样,深圳单车骑行,悲观的人消极的态度,黑糖姜茶多少钱一盒,面膜
0705D7D3AFA9EF9E22242EC6A4D0696E,2,一加三手机壳怎么样,an unexpected error occurred registering,腕表之家,周杰伦2016演唱会郑州站,手机壳
70CEBE445B70BA14777FB87D0344D982,4,一叶子面膜怎么样,尤尼克斯和爱迪达,"乎唯鸟语悉,唯得知言语",曝王力宏婚礼片段,面膜
43A4ADA315F7B045F5F49F1F673F037E,2,mac口红系列,什么是hops,antepodes,google drive,口红
C9592E6D589E0FC040CEA1D8A3568B66,1,十大运动鞋子品牌,林允儿,蝙蝠侠,世界十大名车排行榜,运动鞋
A8036BDB51C0135B3F4DE5E7AD397BE7,2,面膜贴在脸上有点刺痛,面碱,糜烂型脚气,拔火罐教程视频教程,面膜
DB1BC4360549BDEBCF091C4CB2F28D3E,2,玫瑰金的手机要哪种颜色的手机壳,怎么一下子把微博说说删了教一下,qq头像,双女结扎户是什么意思,手机壳
D2184831A3B9207216333A5E1953669A,1,紫光电子平板电脑怎么样,平板电脑没有声音怎么回事,shoulder,联想s720i,平板电脑
2225D40F911AFBDB3BB53707CAB06C7D,3,自己diy手机壳,李冰冰疯狂强吻视频,厨房装修效果图小户型,取环怎么取视频,手机壳
D334A0D16310148B957F335F79FE0068,3,敏感肌 好用面膜,新生儿发绀,敏感肌面膜推荐,鹅口疮涂药后哭,面膜
B44D4E01B60446588B909D229AECDEAF,1,面膜的水吃了怎么办,苹果手机为什么显示vip套餐获取失败,中国和俄罗斯关系好吗,陈百强,面膜
04F0E35C974D2F9D8A5AEFE151DC132C,1,高中女生运动鞋图片,英雄联盟女英雄叫声,活佛济公白雪,肠镜,运动鞋
A85879455AB56FBE337B1AF3E722B4B3,2,笔记本电脑牌子排名,电脑配置更新百分之三十就完成了怎么回事,华为和小米哪个好,追凶者也,笔记本电脑
3A9D40FBC33953915698E74A5060B975,2,espoir口红,花漾,为什么微信上有个耳朵,考辅导员看什么书,口红
45B6E52E5FC275ED3419879E444E6D82,3,韩国面膜哪个牌子好,康婷,补砖块截图,秦皇岛到鞍山物流,面膜
D6CCE3CD21ABCE31DAE07950E9CF7C4E,1,防过敏的面膜有哪些,ega是什么意思,css语言和c语言有什区别,星星用英语怎么说,面膜
FE8334A9C5BB4BCBDB4B0D2C80A7DAB7,2,笔记本电脑开机黑屏,celine,什么胶水粘橡胶最好,开双眼皮多久恢复,笔记本电脑
E134E46088A00C673F455677FD03D384,4,没抹完的口红电视剧,函授学历,注册安全工程师,"我家鸭脖子歪,屎有白的东西是什么病急",口红
AF14E965C22D48AE81F44BAAA8CD4087,3,羽绒服与冲锋衣,广东充电桩分布,宝安图书馆借书证办理,飞机票,羽绒服
08F9526158767A73A63689F3CF3B290A,3,优资莱面膜补水孕妇,脸上长小红点是什么原因,脸上红红的小红点很多怎么回事怎么消掉,煮糖水的材料,面膜
A9337AFD99C33DE1FD2522B547AA433F,3,所有运动鞋品牌标志,别人小视频转发朋友圈,运动鞋品牌布狮,童鞋批发市场,运动鞋
1952540B57ABBE81F4C8304084382F41,3,补水祛痘面膜哪种好,李泽楷结婚了吗,微微一笑很倾城的主题曲,椰子可以加炼奶吗,面膜
F5C249442B78F7FA0545593A5182163B,2,一叶子面膜怎么样,"经历太多的变化,爱变得复杂",报关员工资待遇怎么样,一叶子面膜黑松露,面膜
E1002AE008412A926CD4E5CEB6DF0B67,2,洗发水什么牌子好,重生药庐空间,兰州火车站城际列车入口,厦门旺辉酒店大床房,洗发水
179D1F43C1B361AA0154C2687C938E19,2,绿豆面膜,韩姨,收缩毛孔的套装,膜法世家1绿豆泥浆面膜,面膜
98A6A6D2AED5098610DC96DC9EEEA87B,1,面膜贴了有刺痛感,马报资料,boss凶猛老公领证吧,为什么胸闷怎么引起的,面膜
591D67BC1F76B7342AFF0335E7812493,1,唇色深用什么颜色的口红,求百度云盘资源,seldom,英语电影观后感写作格式,口红
3A10240D59C5E5AC29A08BB29D56D75F,3,捷波朗蓝牙耳机官网,vivox5,十五年前的歌曲,绿化对环境的作用,蓝牙耳机
304D60C9D448D038F7B435216828F924,1,小米4s怎么设置蓝牙耳机和wifi冲突,笔记本电脑开机黑屏,笔记本可以改装吗,任天堂官网,蓝牙耳机
E4149A95D78663A74F615D825984ADDC,1,国际欧芭洗发水,黄马甲快递,有一个热气球失踪,给我来瓶酒忘记忧与愁是哪的,洗发水
7D50B29D40A932BFED33304000928F72,4,华硕笔记本电脑如何操作数字和字母的切换,五岳分别在哪个省,液晶电源模块尾缀不同可以互换吗,g20晚会演出如何做到在水上表演,笔记本电脑
C8877B26F1B1A68990D774AB6370C9DD,1,笔记本电脑无线功能怎么开启,末世二三事第69章类别:都市青春 作者:半盏?严子陵,笔记本电脑无线设备开关,胆囊炎,笔记本电脑
114BAF4F7A39C3E9D2820D149C21CF5E,1,制作奶油手机壳的材料,马可绯闻女友,马可女友,过敏性紫癜能吃石liu,手机壳
076A569C04083854CF9AB2EFC7D8AB5C,2,赫恩男士面膜怎么样,武汉大学贴吧最近很火的帖子内容,男士白日护肤用什么,百度,面膜
568D3D132BC1BED0779B05220F32D29E,2,笔记本电脑什么牌子好,玩游戏啥笔记本电脑好,快手上胸大的,天天网络推广,笔记本电脑
07D9ABEBCC61925108107C7DD3EE8E9E,1,黄瓜面膜的功效,机油和汽油有什么区别,针织衫搭配裙子图片,侧分和中分哪个好看,面膜
7179F4AEA7B129C3627C5935059D82F9,2,小黄瓜三分钟面膜超过3分钟会怎么样,两个月没来月经又没怀孕怎么回事,"袋中有7个球,其中红球5个白球2个,从袋中取?山东英才学院",内分泌失调的症状,面膜
258BD3ACB9CBCD64C854A25831BB7306,1,笔记本电脑什么牌子好,手机优酷怎么改名字,我是特工,不打狗针会怎么样,笔记本电脑
FCDB95031134082F73ECD0F8EAAEBF69,4,正版耐克运动鞋,江一燕的照片,百度手机助手,大便是黑色的怎么回事,运动鞋
E5E38E195A220DC87F58D435DC0D7C79,1,迪奥口红保质期,那些应用微信支付,琵琶语简谱,百度,口红
08B6FC003E0E6975E879DAB5B28AC019,1,27度穿运动鞋行吗,电信手机怎么充q币,世界上最大的蛇,湖北武汉电信手机充q币怎么充,运动鞋
EAE037E49AFD8FE310FEAD52C7D6AAEB,2,哪种洗发水防脱发效果好,个位的计数单位是什么,我们说好了一辈子在一起是什么歌1002我们说,空间相册名称大全,洗发水
36FF3A2EDBFC5DE9AF4B8269F8313DAE,3,樊文花面膜怎么样,西安合同诈骗,刘宴玮黄陵,犯人智商,面膜
B98327244C01CB448B619D8049882F48,3,一叶子面膜怎么样,咽喉炎,胡夏被逼重唱飙泪,碱性食物,面膜
24DA9FF2616B0EACCB659A2BA7D12F03,1,oppor9手机壳图片,男人不孕要检查什么,1千7的金立手机,朵唯手机,手机壳
E596A279929E15197557D1801791E563,3,绿豆面膜,950是什么,脚长水泡脱皮月子里能养好吗,天狐劫漫画全集,面膜
74466B15F65747B3E06FCB900635540F,2,台电平板电脑,lol女子职业联赛海南,高明,怎么外设路由器,平板电脑
075ADF9F9C55812D431CC3475C7DFC00,3,绿豆面膜,上饶电视台王可,皇冠梨的功效与作用,油条包麻子,面膜
71CE98F063DE3E02E72727CB8419A604,2,笔记本电脑连接投影仪桌面,圆柱销标准,求职信范文,公有制经济和非公有制经济都是我国,笔记本电脑
290B1608876FBC9E3833991C12F9C6AA,5,蓝牙耳机信号干扰,哪个制药厂生产奥美拉唑质量好,经常吃奥美拉唑好不好,比奥美拉唑好的药,蓝牙耳机
B8F0FD0BEB4F1B5F65723AA19A224C85,2,笔记本电脑怎么usb上网,:02963650321,4266369482659,镇魂街,笔记本电脑
E6F7F4B0B588E495E19E95A63DA421C1,2,蜂蜜加什么做面膜可以祛斑,小说乡村医生,一吸气左胸口疼,男人每天该吃什么早餐家常,面膜
43407EE4D65A80748A33A5C3586E457D,1,痘痘肌适合什么面膜,防伪码查询,摩卡棕色板,总裁关灯吧,面膜
A56B986891F0D96C2E5737532696F328,5,玩游戏啥笔记本电脑好,游戏笔记本电脑排名,运城姚孟考场在哪,斗战神,笔记本电脑
47213AAE6A5326E5EA231ABDFFEED0F7,2,医院开的某某康面膜,冠周炎,上火了吃什么降火最快,大三学生可以考教师资格证吗,面膜
9A5D5F1223905294DF6A5BE08C1D1684,1,vivox6plus手机壳硅胶,高二南通小题,武夷山正山小种,优速快递图片,手机壳
8347F7A7CCE79F985AD1B95CD15B2346,1,蔻露薇洗发水是品牌吗,怎么保养乳房,短发,巨蟹男想复合的表现,洗发水
88E7BCC0FED81CF0BA6A4433774225D7,2,伊思红参面膜功效,盔犀鸟,爱丽小屋猫耳朵发带,不回门,面膜
B4E2A5AFBBBF2E41D9D96009E68C35AA,4,海藻泥面膜怎么用,如故是什么意思,广东话有没有搞错怎么说,充电线未经过认证不好充电苹果,面膜
87305B8B56E290D896881260497FF9C9,2,笔记本电脑回车键失灵,虽然我也不懂,南淮旧情人我是总攻1002南淮旧情人我是总攻,黄耀明和林夕,笔记本电脑
4D9083739BE9B9E9C9B456D2A80BCC99,2,笔记本电脑什么牌子好,鼠图片,什么游戏里面景色好看,图片头像,笔记本电脑
6B35F75ED3536BACBD330D215CD344EE,1,笔记本电脑什么牌子好,剑灵丰汇行赚钱技巧,个性网名超拽,英雄联盟电七是哪个区,笔记本电脑
9A5A6427BA48F1BBBD7B96AD53B44F59,1,游戏笔记本电脑排行榜,孤独高清盒手机版,电影,圆锥公式大全,笔记本电脑
4BA86D294A5A162382AEE47658C082C2,2,笔记本电脑小喇叭不见了,假名是什么意思,九龙山水上乐园开到什么,主角有很多小弟的小说,笔记本电脑
9E17E4D361B3D9EC15185A1AEB69337C,3,lenovo430笔记本电脑的wife开关,qq里的收藏在哪里找,qq音乐下载,中国女排,笔记本电脑
518DD3CFB7843831170FD6B031544E72,1,什么样的笔记本电脑直播好,"有部小说女主人公姓蓝,是本都市爱情故事",坏坏老公很难缠,有部小说有天才三胞胎,笔记本电脑
A3653CFC8D64A9C7D9865861E3141072,3,笔记本电脑什么牌子好,李谷一,中国女排,照片拼图,笔记本电脑
9D245D49B6B23EE0BD7737DF70122CAB,2,五谷杂粮面膜,为啥下面痒,大便为啥还有白色的可长有点黏,为啥大老板都烧香拜佛,面膜
800FB81C47EAE05F3C2D51E94BF06F5C,1,蓝影平板电脑怎么样,灰姑娘与四名骑士,龙门镖局,身陷传销遭殴致死,平板电脑
4ADAD44114DE9D7B91FB682831C8C391,3,ysl圣罗兰14口红,浙商保险,愿你永远拥有爱的能力,保险公司财务经理有前途吗,口红
7B9AB2E868399063876135C252D1A9E1,2,黑豆泥浆面膜敷完后的护理,面膜敷完后的护理,双面偶像,村姑也疯狂百灵儿,面膜
10631CFA3798C906B139EB25ADD53479,2,绿豆面膜,龙眼种类,东莞理工学院教务处网,孔子,面膜
9CAEC3CF6BC827EB0290B36A6597BDF7,1,蛋清可以做什么面膜,网上能找什么工作,蛋清牛奶面膜怎么做,旋风少女晓萤的首战是哪一集,面膜
90E2516A22245F6BE0C7E81CB3B1398B,2,绿豆面膜,绿豆面膜祛痘效果好吗,达芙文,长痘痘能去角质吗,面膜
9FD4E415D13D26B6AA045BF95F491E1E,3,中国明星同款运动鞋,单眼皮男主持,聚美优品的东西是正品吗,大胃王密子君是真吃吗,运动鞋
6123535C0A3D870D3B4C66D38220DA26,1,笔记本电脑小键盘怎么开,众泰旋转档位的车,金毛和拉布拉多的区别,千斤顶落不下来,笔记本电脑
71876854DA1D81730B6D14F13D99F38F,3,蓝牙耳机怎么连接手机,女人喝白开水跟饮用水的区别,好看的齐肩短发图片,孝感,蓝牙耳机
E93B2C1A8F42D683527A33D9D8ADFB0B,1,自做美白补水面膜,眊可以组什么词,安全手抄报图片,关于人生的名言,面膜
F2410B367ACD70EE1E582CF1A5105C55,1,一叶子面膜怎么样,一叶子面膜多少钱一盒,主日学圣经故事讲章,女星短发发型图片,面膜
8C1D7CDC36DEDDB9DFFB9B15957BF48E,2,皮肤偏黑黄适合什么口红,黄巢起义是哪个朝代,金属导电的原因,广西国考报名网站,口红
F944A6B7834E45A607E37A0C7B4852C3,2,一叶子面膜怎么样,宜字开头的词语,玫瑰小说,sp小说疼爱,面膜
BCB8676129463D0DBF622572D8BBD833,2,绿豆面膜祛痘效果好吗,武汉光谷二高位置,全美善,朝五晚九,面膜
6A0AE6476352DA26FC860A81ACFE9798,1,笔记本电脑什么牌子好,刘渡舟,移动办理退订流量套餐,l298n驱动板非常烫,笔记本电脑
0E903CCAF37367AE19B45C729918BF94,4,"平板电脑开机只显示厂家图标,其它没有反应",白洁乱欲小说免费阅读,2016高考军校分数线是多少,阿兵哥言语录在线阅读,平板电脑
