token,freq
面膜,124
怎么样,51
笔记本电脑,47
一,39
叶子,39
的,33
好,30
什么,29
口红,26
牌子,21
洗发水,18
吗,17
平板,15
电脑,15
用,11
怎么,11
手机,11
多少,9
钱,9
壳,9
电,8
绿豆,8
敷,7
蓝牙,7
耳机,7
台,7
可以,6
羽绒服,6
有,6
运动鞋,6
和,5
做,5
一盒,5
哪,5
适合,5
排行榜,5
品牌,5
开机,5
好用,4
功效,4
水,4
黑屏,4
怎么办,4
效果,4
美白,4
了,4
补水,4
键盘,4
图片,4
推荐,3
圣罗兰,3
能,3
最好,3
光,3
韩国,3
清洁,3
在,3
要,3
没,3
种,3
防脱发,3
颜色,3
自制,3
价格表,3
开,3
设置,3
是,3
紫光,2
电子,2
橘色,2
系,2
黄瓜,2
可莱丝,2
卡通,2
都,2
",",2
没有,2
荧光,2
剂,2
还是,2
珠光,2
高中女生,2
佰肤,2
草,2
修护,2
蚕丝,2
联想,2
diy,2
皮肤,2
含,2
天天,2
牛奶,2
蜂蜜,2
反应,2
/,2
睡眠,2
上网,2
哪些,2
上,2
撕,2
wifi,2
搜索,2
不到,2
无线网络,2
脸上,2
蔻,2
买,2
会,2
oppor9,2
净水器,2
真假,2
刺痛感,2
机械,2
mac,2
失灵,2
孕妇,2
迪奥,2
游戏,2
官网,2
海藻,2
排名,2
贴,2
肌,2
祛痘,2
连接,2
500g,1
硬盘,1
红色,1
吏努比,1
春雨,1
需要,1
洗脸,1
滴滴,1
滴响,1
麦克,1
侬,1
怀孕,1
猪皮,1
sum37,1
泡泡,1
美宝莲,1
气色,1
樱桃红,1
05,1
鸡蛋,1
泥,1
涂,1
几天,1
一次,1
充满,1
电有,1
提示,1
清华,1
樱花,1
味道,1
很多,1
很,1
头屑,1
英语,1
箭牌,1
馥佩,1
安娜苏,1
深层,1
hydra,1
soother,1
mask,1
唇,1
釉,1
sniper,1
大概,1
欧莱雅,1
两千,1
以内,1
多久,1
时间,1
选,1
迷丝香,1
多肽,1
驻颜,1
原液,1
膜法,1
世家,1
揭开,1
10,1
强,1
绿豆粉,1
危害,1
国产,1
油性皮肤,1
较,1
黑,1
沙宣,1
硅油,1
波司登,1
美丽,1
誓言,1
美肌,1
男,1
影响,1
喝酒,1
触手,1
凡士林,1
40,1
+,1
中年人,1
每天,1
豆蔻,1
洗,1
青瓜,1
忽然,1
关机,1
德国,1
laneige,1
兰芝,1
臻,1
白,1
保,1
?,1
百度,1
才能,1
平价,1
kose,1
cosmeport,1
使用,1
说明,1
walabot,1
杨洋,1
拍,1
广告,1
女孩,1
惠凯,1
苹果,1
咋,1
装,1
dnf,1
雪花,1
秀,1
拉丝,1
从,1
下,1
往,1
经常,1
3d,1
华为,1
5s,1
zuzu,1
火辣辣,1
怎么回事,1
相关,1
过期,1
还,1
尿道口,1
红肿,1
性病,1
辰,1
卖点,1
ips,1
屏幕,1
一般,1
满电,1
多长时间,1
裙子,1
配,1
撕拉,1
毛孔,1
变大,1
美式,1
2.15,1
年,1
韩板,1
最新,1
毒,1
好看,1
质量,1
又,1
钰肤,1
嘉,1
接通,1
电话,1
磁场,1
蛋白,1
保湿,1
格尼星,1
前置,1
摄像头,1
像素,1
婴儿,1
分辨,1
图,1
超滤,1
异味,1
龙狮,1
戴尔,1
简约,1
chanel,1
see,1
sheer,1
试色,1
进水,1
得鲜,1
不能,1
樱草,1
红豆,1
古瓷,1
自然,1
乐园,1
夏威夷,1
辨别,1
达尔,1
优,1
小新,1
700,1
竞版,1
15.6,1
寸,1
百雀羚,1
后面,1
c,1
5,1
意思,1
3ce,1
一支,1
亚,1
缇,1
克兰,1
skin79,1
日本,1
熊,1
野马,1
油,1
黑乎乎,1
千万别,1
起白道,1
路由器,1
方法,1
生姜,1
一加,1
三,1
系列,1
十大,1
运动,1
鞋子,1
有点,1
刺痛,1
玫瑰,1
金,1
种颜色,1
自己,1
敏感,1
吃,1
espoir,1
哪个,1
防,1
过敏,1
没抹,1
完,1
电视剧,1
与,1
冲锋衣,1
优资莱,1
所有,1
标志,1
哪种,1
唇色,1
深用,1
捷波朗,1
小米,1
4s,1
冲突,1
国际,1
欧,1
芭,1
华硕,1
如何,1
操作,1
数字,1
字母,1
切换,1
无线,1
功能,1
开启,1
制作,1
奶油,1
材料,1
赫恩,1
男士,1
小黄瓜,1
三分钟,1
超过,1
3,1
分钟,1
正版,1
耐克,1
保质期,1
27,1
度,1
穿,1
行,1
樊文花,1
投影仪,1
桌面,1
信号,1
干扰,1
usb,1
加,1
祛斑,1
痘痘,1
玩游戏,1
啥,1
医院,1
某某,1
康,1
vivox6plus,1
硅胶,1
露薇,1
伊思红参,1
泥面膜,1
回车键,1
小喇叭,1
不见,1
lenovo430,1
wife,1
开关,1
什么样,1
直播,1
五谷杂粮,1
蓝影,1
ysl,1
14,1
黑豆,1
泥浆,1
完后,1
护理,1
蛋清,1
中国,1
明星,1
同款,1
小键盘,1
自做,1
偏黑,1
黄,1
只,1
显示,1
厂家,1
图标,1
其它,1
