query_time,user_id,query,token,matched_seed
C4834FD969574A71FD08D10CF73AD60B,1,笔记本电脑500g硬盘,笔记本电脑,笔记本电脑
C4834FD969574A71FD08D10CF73AD60B,1,笔记本电脑500g硬盘,500g,笔记本电脑
C4834FD969574A71FD08D10CF73AD60B,1,笔记本电脑500g硬盘,硬盘,笔记本电脑
82270AC711633C51A8F72D8E18BD2392,1,红色口红推荐,红色口红推荐,口红
E9CF0D2C16B1EC3006A5FD0764A3739A,1,一叶子面膜怎么样,一叶子面膜怎么样,面膜
F54D52B88552CA02ECB501D573A0794A,2,一叶子面膜怎么样,一叶子面膜怎么样,面膜
89218890AA52EA6732804EA14D9F41F6,2,紫光电子平板电脑怎么样,紫光电子平板电脑怎么样,平板电脑
D563FF0FFE32C129DB47F61D266953B7,4,吏努比洗发水好吗,吏努比洗发水好吗,洗发水
919ACDB6C984D337BB01AA78084A2E82,1,什么牌子口红好用,什么牌子口红好用,口红
726BD3BEB6CABDE6411F9012B35D5157,2,敷春雨面膜需要洗脸吗,敷春雨面膜需要洗脸吗,面膜
73831855CDCD2DFF2FC45BF9FCAC2405,2,笔记本电脑滴滴滴响,笔记本电脑滴滴滴响,笔记本电脑
CE4D4EC0EFBCB4E714E0CE70F3B8BB18,3,一叶子面膜怎么样,一叶子面膜怎么样,面膜
3CAB3EC740F434AE465542D50CC15DA3,2,麦克侬口红怎么样,麦克侬口红怎么样,口红
2D4598460DD02F832B5C9DE1EC7605F8,2,怀孕可以用猪皮面膜吗,怀孕可以用猪皮面膜吗,面膜
A19B3C75F94B07BB37A42A5B48DD3072,2,圣罗兰橘色系口红推荐,圣罗兰橘色系口红推荐,口红
4D5BB724D617F373F88F43FD0F133A24,2,sum37泡泡面膜怎么样,sum37,面膜
4D5BB724D617F373F88F43FD0F133A24,2,sum37泡泡面膜怎么样,泡泡面膜怎么样,面膜
5032665D06BFC38578F7FD95036D7D5A,3,美宝莲的好气色口红的樱桃红05怎么样,美宝莲的好气色口红的樱桃红,口红
5032665D06BFC38578F7FD95036D7D5A,3,美宝莲的好气色口红的樱桃红05怎么样,05,口红
5032665D06BFC38578F7FD95036D7D5A,3,美宝莲的好气色口红的樱桃红05怎么样,怎么样,口红
7611A186122E3AA66C7507AC7C63A3E6,3,鸡蛋能和什么做面膜,鸡蛋能和什么做面膜,面膜
E2981883B7D0024DBCE442E0C58470C1,2,一叶子面膜怎么样,一叶子面膜怎么样,面膜
65577D591CF0D6730E9A1DBDC8C33B30,3,黄瓜面膜的功效,黄瓜面膜的功效,面膜
12678FE67B8F16E926D0CB8487AC7688,3,一叶子面膜怎么样,一叶子面膜怎么样,面膜
B12B99B6FFBFBE8D0E107061AB7E9391,1,面膜泥怎么涂,面膜泥怎么涂,面膜
618FE1F3B04FBDD19E2530DFA94B64D8,1,笔记本电脑什么牌子好,笔记本电脑什么牌子好,笔记本电脑
4744ED170F40ACCDBCBFF07CE29ED77B,1,面膜几天敷一次最好,面膜几天敷一次最好,面膜
CDF275B41489236D554BCB1A33C566DA,3,水光面膜多少钱一盒,水光面膜多少钱一盒,面膜
06ADCFE391856794D8F400300DAF5DBE,3,可莱丝卡通面膜,可莱丝卡通面膜,面膜
DFF8E7700B534FE3E620A20EE44DEE3E,2,蓝牙耳机充满电有什么提示,蓝牙耳机充满电有什么提示,蓝牙耳机
0E0E213F2B001776AB4562CAFED1A67B,2,清华平板电脑,清华平板电脑,平板电脑
14B8453CCF0AD30287B3E925D0ECA51E,2,韩国水光樱花面膜味道,韩国水光樱花面膜味道,面膜
5266868C79BE73D786674685480B7952,1,"很多洗发水都很好用,没有头屑 英语",很多洗发水都很好用,洗发水
5266868C79BE73D786674685480B7952,1,"很多洗发水都很好用,没有头屑 英语",没有头屑,洗发水
5266868C79BE73D786674685480B7952,1,"很多洗发水都很好用,没有头屑 英语",英语,洗发水
BD06A4931B53A2F2A9BBC6A3AB25765C,3,水光面膜多少钱一盒,水光面膜多少钱一盒,面膜
35DC0BCB6E0DF634D72F41A01AB7E721,2,一叶子面膜怎么样,一叶子面膜怎么样,面膜
9AD0E12A1FD04068E3B0988D956D0AC3,2,一叶子面膜怎么样,一叶子面膜怎么样,面膜
CEE277B40C2C981626A058A1B12FD264,1,箭牌洗发水好用吗,箭牌洗发水好用吗,洗发水
E30713DB4351B6837A582CB8C4035F22,1,台电平板电脑,台电平板电脑,平板电脑
DA8214AF94196CC55734E31C2F9E1AE0,1,馥佩面膜 荧光剂,馥佩面膜,面膜
DA8214AF94196CC55734E31C2F9E1AE0,1,馥佩面膜 荧光剂,荧光剂,面膜
26ADF6765C19D801A1A2206DD0BA5834,2,安娜苏深层清洁面膜,安娜苏深层清洁面膜,面膜
D2270301C4C5512C00FAFA68FD722EFD,3,hydra soother mask面膜,hydra,面膜
D2270301C4C5512C00FAFA68FD722EFD,3,hydra soother mask面膜,soother,面膜
D2270301C4C5512C00FAFA68FD722EFD,3,hydra soother mask面膜,mask,面膜
D2270301C4C5512C00FAFA68FD722EFD,3,hydra soother mask面膜,面膜,面膜
612DA5D2B6A7A2583A7ED02CCB41ACC0,3,唇釉好还是口红好,唇釉好还是口红好,口红
0AC10DAA9745FA651B1A2E3016D84F86,3,sniper笔记本电脑在哪,sniper,笔记本电脑
0AC10DAA9745FA651B1A2E3016D84F86,3,sniper笔记本电脑在哪,笔记本电脑在哪,笔记本电脑
9CF7C734E7AE93AF5CB9F1A7A15DA9F7,3,一叶子面膜怎么样,一叶子面膜怎么样,面膜
0180A627BC940A993D3B784F8E9BC9C6,1,笔记本电脑什么牌子好,笔记本电脑什么牌子好,笔记本电脑
D41E050BBE8D3966BB47A222CA7F74E2,1,蓝牙耳机大概多少钱,蓝牙耳机大概多少钱,蓝牙耳机
16F5A96DAE7FE93C9D0ED84500DD8342,2,一叶子面膜怎么样,一叶子面膜怎么样,面膜
9F2B9042ED4C57A30EDAE3BE3393F645,1,欧莱雅面膜多少钱一盒,欧莱雅面膜多少钱一盒,面膜
678BC8D18E65A095A8414EADDC6509E4,2,两千以内的平板电脑,两千以内的平板电脑,平板电脑
AC794938F5EFC86F1247F515D89DD9C7,3,敷面膜要多久时间最好,敷面膜要多久时间最好,面膜
E26738FA1900B18BF682D56FB8DB7AC7,2,一叶子面膜怎么样,一叶子面膜怎么样,面膜
454F23ECD2B2872922D42CB939C64C35,1,面膜选珠光还是没珠光的,面膜选珠光还是没珠光的,面膜
7A0561A7750DDD2E15B7225E9E86279F,3,一叶子面膜怎么样,一叶子面膜怎么样,面膜
FE62B3523FB6BC205C1A380A6A9A1729,1,笔记本电脑黑屏怎么办,笔记本电脑黑屏怎么办,笔记本电脑
CF62536206C9E35B78E1443299E907AF,1,高中女生适合用什么口红,高中女生适合用什么口红,口红
0E495480E2F683BAFF7871504C490A94,1,一叶子面膜怎么样,一叶子面膜怎么样,面膜
164C2572E6ABE6781D1D08C1F056437F,3,迷丝香洗发水,迷丝香洗发水,洗发水
C18F9FE721AA83E4251068F476475713,3,佰肤草多肽驻颜修护原液蚕丝面膜,佰肤草多肽驻颜修护原液蚕丝面膜,面膜
CC224592874203312F8A2C56A9F858C7,4,洗发水什么牌子好,洗发水什么牌子好,洗发水
F4A4211578C404E1DEA3BE10B5C97692,2,台电平板电脑,台电平板电脑,平板电脑
EB8FE2940E727ACA98F33230C018015B,2,面膜膜法世家,面膜膜法世家,面膜
ACEDAE7CD48C8699F0B268FE66629AED,2,揭开面膜,揭开面膜,面膜
442F3C89000745684388428FAC3840FF,2,一叶子面膜怎么样,一叶子面膜怎么样,面膜
4D11913E40F5D6E66B119FC1B19DAE70,3,清洁面膜排行榜10强,清洁面膜排行榜,面膜
4D11913E40F5D6E66B119FC1B19DAE70,3,清洁面膜排行榜10强,10,面膜
71D090050D8DF228392452B82437D9C0,1,一叶子面膜多少钱一盒,一叶子面膜多少钱一盒,面膜
B5375590CB6A0CFB04529BCA37E988A5,2,可莱丝卡通面膜,可莱丝卡通面膜,面膜
E1AEC67625E55BF057A7EAFD36937755,1,联想笔记本电脑排行榜,联想笔记本电脑排行榜,笔记本电脑
3D359A6E9662AD9870C239EF42066585,2,一叶子面膜怎么样,一叶子面膜怎么样,面膜
BEAF7BFC11A93DAA6B8CEFE4A96D1B41,2,台电平板电脑,台电平板电脑,平板电脑
C7C1A6A670133A02796A5ABD2C679A61,1,绿豆粉面膜的危害,绿豆粉面膜的危害,面膜
08D474DD4B4A9C30D9A7D7334009A8C5,1,国产洗发水品牌排行榜,国产洗发水品牌排行榜,洗发水
5A7FDD2986D580695DE42A52869CDC93,3,哪种洗发水防脱发效果好,哪种洗发水防脱发效果好,洗发水
425471A48B85BC86D73077F152D6940B,1,油性皮肤diy面膜,油性皮肤,面膜
425471A48B85BC86D73077F152D6940B,1,油性皮肤diy面膜,diy,面膜
425471A48B85BC86D73077F152D6940B,1,油性皮肤diy面膜,面膜,面膜
87438A7817490ABF018C8A45738D9D12,2,绿豆面膜,绿豆面膜,面膜
D70888CD23F5D9CF280A3EF90A182D10,1,皮肤较黑适合什么颜色口红,皮肤较黑适合什么颜色口红,口红
5DF83028FE989002650D7EEBBC154293,2,一叶子面膜怎么样,一叶子面膜怎么样,面膜
5006782A1EDA30273E479FA880C5E47C,2,沙宣洗发水含硅油吗,沙宣洗发水含硅油吗,洗发水
CA242F5F784FE3DAE7E6E063CD808E3A,5,波司登羽绒服,波司登羽绒服,羽绒服
285095066A13E3C40EC8F9226130AE69,2,美丽誓言口红,美丽誓言口红,口红
F35823EF91C832067042A7E54952858A,1,圣罗兰橘色系口红推荐,圣罗兰橘色系口红推荐,口红
F8E77493C2CD5F908DEBF8DEF8DAF36B,1,美肌面膜男的可以用吗,美肌面膜男的可以用吗,面膜
95AC5059FE75D1660E58014C43A24FD3,3,做面膜影响喝酒吗,做面膜影响喝酒吗,面膜
5F6E39FAE1A56281EE45B57F1DFAFD1F,1,笔记本电脑触手,笔记本电脑触手,笔记本电脑
A1361EC105FB45D8806F668B43EE95CD,1,凡士林自制口红,凡士林自制口红,口红
C9DAB7DAB20FBC3CC91958A93FE2754C,1,什么颜色的口红适合40+的中年人,什么颜色的口红适合,口红
C9DAB7DAB20FBC3CC91958A93FE2754C,1,什么颜色的口红适合40+的中年人,40,口红
C9DAB7DAB20FBC3CC91958A93FE2754C,1,什么颜色的口红适合40+的中年人,的中年人,口红
3FFE99F3C3C520022A4980BEC0707DB6,2,面膜每天都要敷吗,面膜每天都要敷吗,面膜
2473586C111734C16E209DEBC65EF708,1,豆蔻洗发水怎么洗,豆蔻洗发水怎么洗,洗发水
E983DA0F4B73D46B501DBDA80991C1E0,1,天天敷青瓜面膜可以吗,天天敷青瓜面膜可以吗,面膜
A0A33C631A4218323C48135E601F98C5,5,自制牛奶蜂蜜美白面膜,自制牛奶蜂蜜美白面膜,面膜
33191E86BB35707FD3EB7CA5E262CE03,3,笔记本电脑忽然关机开机没反应了,笔记本电脑忽然关机开机没反应了,笔记本电脑
BAA65EC70D5033AC3F1BEE767337C8C6,4,哪种洗发水防脱发效果好,哪种洗发水防脱发效果好,洗发水
BB4594E4CE585C7D57254E02D0979BBE,2,口红德国,口红德国,口红
42E0A35694D42D227536EF9386F12FBA,3,一叶子面膜怎么样,一叶子面膜怎么样,面膜
F11BCEEA48AA89042895D61DE19D21FA,3,laneige/兰芝臻白修护睡眠面膜 美白补水保?百度,laneige,面膜
F11BCEEA48AA89042895D61DE19D21FA,3,laneige/兰芝臻白修护睡眠面膜 美白补水保?百度,兰芝臻白修护睡眠面膜,面膜
F11BCEEA48AA89042895D61DE19D21FA,3,laneige/兰芝臻白修护睡眠面膜 美白补水保?百度,美白补水保,面膜
F11BCEEA48AA89042895D61DE19D21FA,3,laneige/兰芝臻白修护睡眠面膜 美白补水保?百度,百度,面膜
DFEF3FBF8E1D9381F54F469895E6EFB6,1,笔记本电脑怎么才能上网,笔记本电脑怎么才能上网,笔记本电脑
FDAC6B55C8CB7DF25F54733390259A35,1,平价好用的口红,平价好用的口红,口红
63469455E86FF3CD89550D34A46B5564,3,kose cosmeport面膜使用说明,kose,面膜
63469455E86FF3CD89550D34A46B5564,3,kose cosmeport面膜使用说明,cosmeport,面膜
63469455E86FF3CD89550D34A46B5564,3,kose cosmeport面膜使用说明,面膜使用说明,面膜
CE361636D56BB64AC6799E027EB848FA,1,walabot手机壳,walabot,手机壳
CE361636D56BB64AC6799E027EB848FA,1,walabot手机壳,手机壳,手机壳
6287E1332B68E4B2B6FCDA0B15495B00,2,和杨洋拍洗发水广告的女孩,和杨洋拍洗发水广告的女孩,洗发水
E407DFE819F6849A2A2D80925698A758,1,韩国面膜价格表,韩国面膜价格表,面膜
9D76FE5D4D81F7CF9DA2E449B1AB3017,2,惠凯平板电脑多少钱,惠凯平板电脑多少钱,平板电脑
A5CB9847D8567DB64F50BFBCBDF7724B,1,睡眠面膜有哪些牌子,睡眠面膜有哪些牌子,面膜
828AEEF4BCB850BA95DD888B9D317867,1,苹果笔记本电脑上咋装dnf,苹果笔记本电脑上咋装,笔记本电脑
828AEEF4BCB850BA95DD888B9D317867,1,苹果笔记本电脑上咋装dnf,dnf,笔记本电脑
6253719E9870C260CD9B07183908E37B,1,雪花秀拉丝面膜从下往上撕吗,雪花秀拉丝面膜从下往上撕吗,面膜
FDF71E14838ADB03DCAF601875301F6F,1,一叶子面膜怎么样,一叶子面膜怎么样,面膜
B7CDDD7B36393A4837420DECF1DE7EF7,3,经常用笔记本电脑开wifi好吗,经常用笔记本电脑开,笔记本电脑
B7CDDD7B36393A4837420DECF1DE7EF7,3,经常用笔记本电脑开wifi好吗,wifi,笔记本电脑
B7CDDD7B36393A4837420DECF1DE7EF7,3,经常用笔记本电脑开wifi好吗,好吗,笔记本电脑
F81C083E7832499E25B6448F507F2B88,2,3d面膜怎么样,3d,面膜
F81C083E7832499E25B6448F507F2B88,2,3d面膜怎么样,面膜怎么样,面膜
23FA378BC162FD0DA4F886055A661335,1,华为5s手机壳,华为,手机壳
23FA378BC162FD0DA4F886055A661335,1,华为5s手机壳,5s,手机壳
23FA378BC162FD0DA4F886055A661335,1,华为5s手机壳,手机壳,手机壳
ED18B0A23594E04901FFFDA47840C68D,2,笔记本电脑搜索不到无线网络,笔记本电脑搜索不到无线网络,笔记本电脑
1856D4A550B3534E8579EDA78B750EC1,1,用zuzu面膜脸上火辣辣的怎么回事,zuzu,面膜
1856D4A550B3534E8579EDA78B750EC1,1,用zuzu面膜脸上火辣辣的怎么回事,面膜脸上火辣辣的怎么回事,面膜
08132C14AB453678ED5161A6E9DDEC71,1,一叶子面膜怎么样,一叶子面膜怎么样,面膜
6A472F7A323BF918039263CA2C7115A2,1,笔记本电脑开机黑屏,笔记本电脑开机黑屏,笔记本电脑
BB27C577ACDA4C9FBF00DB68BE32EA7A,2,一叶子面膜怎么样,一叶子面膜怎么样,面膜
48DF1C915D6B91BC588107AC2118D1D1,2,佰肤草面膜相关价格表,佰肤草面膜相关价格表,面膜
10EEF3794F405C7A84C1A152DFD031F2,4,牛奶面膜可以天天做吗,牛奶面膜可以天天做吗,面膜
E6F6DC7FC443092C7B580A6EC0EB916F,4,过期的面膜还能用吗,过期的面膜还能用吗,面膜
4D0BFA06F63B0BB571B1401420FE2533,3,一叶子面膜怎么样,一叶子面膜怎么样,面膜
460604CD8FCEAD7932A66BF8C5B0D38E,2,台电平板电脑,台电平板电脑,平板电脑
5A6F63EC53E142DFDEB8E0BD261C6393,2,一叶子面膜怎么样,一叶子面膜怎么样,面膜
7FEC7FD5A10141E32E31B1B0E8C15665,3,尿道口红肿 性病,尿道口红肿,口红
7FEC7FD5A10141E32E31B1B0E8C15665,3,尿道口红肿 性病,性病,口红
2884CBCBEB8CA55F620B7074992F7DE6,2,蔻辰面膜卖点和功效,蔻辰面膜卖点和功效,面膜
E7FAE6E17511257ADFC6CC9F6B058D6B,1,笔记本电脑ips屏幕,笔记本电脑,笔记本电脑
E7FAE6E17511257ADFC6CC9F6B058D6B,1,笔记本电脑ips屏幕,ips,笔记本电脑
E7FAE6E17511257ADFC6CC9F6B058D6B,1,笔记本电脑ips屏幕,屏幕,笔记本电脑
4CBF8AA38C6200B454213B2A3C3A4B86,2,笔记本电脑一般满电用多长时间,笔记本电脑一般满电用多长时间,笔记本电脑
797248DCCB7F67DCEC40E447C54521D2,2,买什么平板电脑最好,买什么平板电脑最好,平板电脑
EB9506B1DC2D487F6EC30275935C06B5,2,一叶子面膜怎么样,一叶子面膜怎么样,面膜
D24E8E38925C7163C86BA55C00F75111,3,裙子配运动鞋,裙子配运动鞋,运动鞋
B0ACEB2CF5C957315FBA8ABAC4041112,2,一叶子面膜怎么样,一叶子面膜怎么样,面膜
0FEC87A28520FB97A28CDB3643DC02D7,1,用撕拉面膜毛孔会变大,用撕拉面膜毛孔会变大,面膜
1B13D9D1AB561D36E3B66A1D7E12A460,1,笔记本电脑怎么设置美式键盘,笔记本电脑怎么设置美式键盘,笔记本电脑
7197D6AFCB291C1EF6E8C3B21869D5E6,1,2.15年韩板羽绒服,15,羽绒服
7197D6AFCB291C1EF6E8C3B21869D5E6,1,2.15年韩板羽绒服,年韩板羽绒服,羽绒服
665DEFFCCDD5D88C67173DE26044BF7C,2,最新毒面膜,最新毒面膜,面膜
1B6C47B7E38984DF18F28C65CE0B7A3D,5,洗发水什么牌子好,洗发水什么牌子好,洗发水
199B3B8F394125761C92264FA906B243,1,笔记本电脑什么牌子好,笔记本电脑什么牌子好,笔记本电脑
12914BF5B638FB4A9BDB562D37BFBA53,1,oppor9手机壳图片,oppor9,手机壳
12914BF5B638FB4A9BDB562D37BFBA53,1,oppor9手机壳图片,手机壳图片,手机壳
85585F8BA234B74175D793A37BEC8DB5,3,什么牌子的羽绒服好看质量又好,什么牌子的羽绒服好看质量又好,羽绒服
3DD1C6E1F39DF593DC838DA2AC358C7A,3,钰肤嘉面膜多少钱一盒,钰肤嘉面膜多少钱一盒,面膜
4029E8DAD34A483D49AD588085BAB23F,4,蓝牙耳机在没接通电话是有磁场吗,蓝牙耳机在没接通电话是有磁场吗,蓝牙耳机
967D7997885D44A53BD3C7A3879FE003,2,蚕丝蛋白保湿面膜多少钱,蚕丝蛋白保湿面膜多少钱,面膜
18690E2A28D100B108BCEA96CAFA1D71,1,格尼星净水器怎么样,格尼星净水器怎么样,净水器
72C0A6136050F38ED5B8CA72ABF28AD1,1,笔记本电脑什么牌子好,笔记本电脑什么牌子好,笔记本电脑
38CE05856AF0443A9AB98487343DB935,3,一叶子面膜怎么样,一叶子面膜怎么样,面膜
EA5AB2683CDB70808BC57577209B76A8,1,含荧光剂的面膜品牌,含荧光剂的面膜品牌,面膜
A59D2933F502C468C4670E876B2371EC,2,笔记本电脑前置摄像头像素,笔记本电脑前置摄像头像素,笔记本电脑
DC177BF623596F885FA21FA061EF5070,2,婴儿面膜真假分辨图,婴儿面膜真假分辨图,面膜
C54EDE8C6C4372CABD8D7765F50343E6,1,笔记本电脑什么牌子好,笔记本电脑什么牌子好,笔记本电脑
BBC574EAD7E7B62C98356E7A0798E36C,2,一叶子面膜怎么样,一叶子面膜怎么样,面膜
DE4070736475439FD71A795E52B290A3,1,超滤净水器有异味怎么办,超滤净水器有异味怎么办,净水器
E870E5E0892995B3793AEC9E8355FBD9,4,龙狮戴尔羽绒服图片,龙狮戴尔羽绒服图片,羽绒服
9E54242117F10D7A5D014928C0A8E2A2,3,敷一叶子面膜有刺痛感,敷一叶子面膜有刺痛感,面膜
78FE2F1F83BAFD99D42C4D886ED3895F,2,简约的机械键盘,简约的机械键盘,机械键盘
4846276D42C47A8F93A6AEEE4E946044,3,一叶子面膜怎么样,一叶子面膜怎么样,面膜
C9DFFFE3603F694DBD397CD4D1BF3142,1,chanel口红,chanel,口红
C9DFFFE3603F694DBD397CD4D1BF3142,1,chanel口红,口红,口红
B62CAAF88C994E09D608A83203346704,2,mac口红see sheer试色,mac,口红
B62CAAF88C994E09D608A83203346704,2,mac口红see sheer试色,口红,口红
B62CAAF88C994E09D608A83203346704,2,mac口红see sheer试色,see,口红
B62CAAF88C994E09D608A83203346704,2,mac口红see sheer试色,sheer,口红
B62CAAF88C994E09D608A83203346704,2,mac口红see sheer试色,试色,口红
93CED595EAD9BC8FE300320442FFB9A4,1,笔记本电脑开机黑屏,笔记本电脑开机黑屏,笔记本电脑
CE3DDCD07F19A3BF848E57394DDF145D,5,笔记本电脑进水键盘失灵怎么办,笔记本电脑进水键盘失灵怎么办,笔记本电脑
0B0BE4C62E19BA1836409B9B61BDE9FB,3,得鲜面膜孕妇能不能用,得鲜面膜孕妇能不能用,面膜
A9F5990FF403DC46B62C39EBFE71E634,2,樱草面膜,樱草面膜,面膜
D91840BF11867882B1CD8DB55A77236F,2,红豆的羽绒服怎么样,红豆的羽绒服怎么样,羽绒服
364F7DCD0E79BF3010179AEAEB3085E1,3,古瓷面膜怎么样,古瓷面膜怎么样,面膜
524DCFA1579A6F8279C409E7F6BF00FF,2,怎么撕面膜,怎么撕面膜,面膜
975F6F51D667C7B89537635133557260,1,笔记本电脑什么牌子好,笔记本电脑什么牌子好,笔记本电脑
27DDEB260671941AFC4B2E6B2C13B35F,1,自然乐园夏威夷面膜,自然乐园夏威夷面膜,面膜
8F67477CD623FD81669D9D802DB1F0E6,1,迪奥口红真假辨别,迪奥口红真假辨别,口红
C4D74377F55A570B3B5631D25DC7919F,1,达尔优机械键盘,达尔优机械键盘,机械键盘
F24064842F38E8CB0E407D6EE1508BBF,1,一叶子面膜怎么样,一叶子面膜怎么样,面膜
F550FE8D9F754671FEB31AFD33FFB489,2,联想小新700电竞版15.6寸游戏笔记本电脑,联想小新,笔记本电脑
F550FE8D9F754671FEB31AFD33FFB489,2,联想小新700电竞版15.6寸游戏笔记本电脑,700,笔记本电脑
F550FE8D9F754671FEB31AFD33FFB489,2,联想小新700电竞版15.6寸游戏笔记本电脑,电竞版,笔记本电脑
F550FE8D9F754671FEB31AFD33FFB489,2,联想小新700电竞版15.6寸游戏笔记本电脑,15,笔记本电脑
F550FE8D9F754671FEB31AFD33FFB489,2,联想小新700电竞版15.6寸游戏笔记本电脑,寸游戏笔记本电脑,笔记本电脑
7DD4D51CACCDC42A99BA8D0D2FE39F4D,3,百雀羚面膜后面的c/5是什么意思,百雀羚面膜后面的,面膜
7DD4D51CACCDC42A99BA8D0D2FE39F4D,3,百雀羚面膜后面的c/5是什么意思,是什么意思,面膜
D04BC481B330B36144397884544FF339,1,3ce口红多少钱一支,3ce,口红
D04BC481B330B36144397884544FF339,1,3ce口红多少钱一支,口红多少钱一支,口红
3130F64FF63C39E7CB3203A8550C5574,1,一叶子面膜怎么样,一叶子面膜怎么样,面膜
E2FA3E8AAAF433074716DD5C34A74D93,2,亚缇克兰的清洁面膜,亚缇克兰的清洁面膜,面膜
2580F825654656B02CCD1AABCF0F9824,3,绿豆面膜,绿豆面膜,面膜
259EEB95E2A0E3B0D0E17A671CE19CD5,2,skin79面膜官网价格表,skin79,面膜
259EEB95E2A0E3B0D0E17A671CE19CD5,2,skin79面膜官网价格表,面膜官网价格表,面膜
08E5FC98CC6C9D12DC4368B0065AE397,3,日本熊野马油洗发水,日本熊野马油洗发水,洗发水
D472A4C90D8F79611CFDA7F11ED76E24,4,黑乎乎的面膜,黑乎乎的面膜,面膜
61057AFA6DF23FDEC5AA954D3CF0468D,4,笔记本电脑搜索不到无线网络,笔记本电脑搜索不到无线网络,笔记本电脑
59F0B2C383A4CDF752A5B6CBB8A4EF43,1,海藻面膜千万别买,海藻面膜千万别买,面膜
28A419D4C9BAFB781BB99A60C6B10C38,2,笔记本电脑牌子排名,笔记本电脑牌子排名,笔记本电脑
5737069F902A89F4313F473C2038A35B,3,一叶子面膜怎么样,一叶子面膜怎么样,面膜
A52C221A6E09560DD13C07B5B60EE8BC,3,一叶子面膜怎么样,一叶子面膜怎么样,面膜
F4BAACA7A8706DC8F7A5737739AB4D3A,3,台电平板电脑,台电平板电脑,平板电脑
E5DCE4A62B4B49F5CC5E628A97E02835,1,口红起白道,口红起白道,口红
74A3FD3F5C0E8C01A782A5E6F98D4529,2,笔记本电脑路由器设置,笔记本电脑路由器设置,笔记本电脑
3CFB47188A00F3D1368A7084273B4FDD,1,一叶子面膜怎么样,一叶子面膜怎么样,面膜
B98DFE0B7598E9C9DE21A411FD49F491,1,美白面膜自制方法,美白面膜自制方法,面膜
174973B0FE881F5F2DA28433BA507A9C,1,台电平板电脑,台电平板电脑,平板电脑
71F7367ED70E6C0D27A9002A04E345BA,1,生姜洗发水排行榜,生姜洗发水排行榜,洗发水
7FDE33019CAA1D7603E06DE41526DF61,3,一叶子面膜怎么样,一叶子面膜怎么样,面膜
0705D7D3AFA9EF9E22242EC6A4D0696E,2,一加三手机壳怎么样,一加三手机壳怎么样,手机壳
70CEBE445B70BA14777FB87D0344D982,4,一叶子面膜怎么样,一叶子面膜怎么样,面膜
43A4ADA315F7B045F5F49F1F673F037E,2,mac口红系列,mac,口红
43A4ADA315F7B045F5F49F1F673F037E,2,mac口红系列,口红系列,口红
C9592E6D589E0FC040CEA1D8A3568B66,1,十大运动鞋子品牌,十大运动鞋子品牌,运动鞋
A8036BDB51C0135B3F4DE5E7AD397BE7,2,面膜贴在脸上有点刺痛,面膜贴在脸上有点刺痛,面膜
DB1BC4360549BDEBCF091C4CB2F28D3E,2,玫瑰金的手机要哪种颜色的手机壳,玫瑰金的手机要哪种颜色的手机壳,手机壳
D2184831A3B9207216333A5E1953669A,1,紫光电子平板电脑怎么样,紫光电子平板电脑怎么样,平板电脑
2225D40F911AFBDB3BB53707CAB06C7D,3,自己diy手机壳,自己,手机壳
2225D40F911AFBDB3BB53707CAB06C7D,3,自己diy手机壳,diy,手机壳
2225D40F911AFBDB3BB53707CAB06C7D,3,自己diy手机壳,手机壳,手机壳
D334A0D16310148B957F335F79FE0068,3,敏感肌 好用面膜,敏感肌,面膜
D334A0D16310148B957F335F79FE0068,3,敏感肌 好用面膜,好用面膜,面膜
B44D4E01B60446588B909D229AECDEAF,1,面膜的水吃了怎么办,面膜的水吃了怎么办,面膜
04F0E35C974D2F9D8A5AEFE151DC132C,1,高中女生运动鞋图片,高中女生运动鞋图片,运动鞋
A85879455AB56FBE337B1AF3E722B4B3,2,笔记本电脑牌子排名,笔记本电脑牌子排名,笔记本电脑
3A9D40FBC33953915698E74A5060B975,2,espoir口红,espoir,口红
3A9D40FBC33953915698E74A5060B975,2,espoir口红,口红,口红
45B6E52E5FC275ED3419879E444E6D82,3,韩国面膜哪个牌子好,韩国面膜哪个牌子好,面膜
D6CCE3CD21ABCE31DAE07950E9CF7C4E,1,防过敏的面膜有哪些,防过敏的面膜有哪些,面膜
FE8334A9C5BB4BCBDB4B0D2C80A7DAB7,2,笔记本电脑开机黑屏,笔记本电脑开机黑屏,笔记本电脑
E134E46088A00C673F455677FD03D384,4,没抹完的口红电视剧,没抹完的口红电视剧,口红
AF14E965C22D48AE81F44BAAA8CD4087,3,羽绒服与冲锋衣,羽绒服与冲锋衣,羽绒服
08F9526158767A73A63689F3CF3B290A,3,优资莱面膜补水孕妇,优资莱面膜补水孕妇,面膜
A9337AFD99C33DE1FD2522B547AA433F,3,所有运动鞋品牌标志,所有运动鞋品牌标志,运动鞋
1952540B57ABBE81F4C8304084382F41,3,补水祛痘面膜哪种好,补水祛痘面膜哪种好,面膜
F5C249442B78F7FA0545593A5182163B,2,一叶子面膜怎么样,一叶子面膜怎么样,面膜
E1002AE008412A926CD4E5CEB6DF0B67,2,洗发水什么牌子好,洗发水什么牌子好,洗发水
179D1F43C1B361AA0154C2687C938E19,2,绿豆面膜,绿豆面膜,面膜
98A6A6D2AED5098610DC96DC9EEEA87B,1,面膜贴了有刺痛感,面膜贴了有刺痛感,面膜
591D67BC1F76B7342AFF0335E7812493,1,唇色深用什么颜色的口红,唇色深用什么颜色的口红,口红
3A10240D59C5E5AC29A08BB29D56D75F,3,捷波朗蓝牙耳机官网,捷波朗蓝牙耳机官网,蓝牙耳机
304D60C9D448D038F7B435216828F924,1,小米4s怎么设置蓝牙耳机和wifi冲突,小米,蓝牙耳机
304D60C9D448D038F7B435216828F924,1,小米4s怎么设置蓝牙耳机和wifi冲突,4s,蓝牙耳机
304D60C9D448D038F7B435216828F924,1,小米4s怎么设置蓝牙耳机和wifi冲突,怎么设置蓝牙耳机和,蓝牙耳机
304D60C9D448D038F7B435216828F924,1,小米4s怎么设置蓝牙耳机和wifi冲突,wifi,蓝牙耳机
304D60C9D448D038F7B435216828F924,1,小米4s怎么设置蓝牙耳机和wifi冲突,冲突,蓝牙耳机
E4149A95D78663A74F615D825984ADDC,1,国际欧芭洗发水,国际欧芭洗发水,洗发水
7D50B29D40A932BFED33304000928F72,4,华硕笔记本电脑如何操作数字和字母的切换,华硕笔记本电脑如何操作数字和字母的切换,笔记本电脑
C8877B26F1B1A68990D774AB6370C9DD,1,笔记本电脑无线功能怎么开启,笔记本电脑无线功能怎么开启,笔记本电脑
114BAF4F7A39C3E9D2820D149C21CF5E,1,制作奶油手机壳的材料,制作奶油手机壳的材料,手机壳
076A569C04083854CF9AB2EFC7D8AB5C,2,赫恩男士面膜怎么样,赫恩男士面膜怎么样,面膜
568D3D132BC1BED0779B05220F32D29E,2,笔记本电脑什么牌子好,笔记本电脑什么牌子好,笔记本电脑
07D9ABEBCC61925108107C7DD3EE8E9E,1,黄瓜面膜的功效,黄瓜面膜的功效,面膜
7179F4AEA7B129C3627C5935059D82F9,2,小黄瓜三分钟面膜超过3分钟会怎么样,小黄瓜三分钟面膜超过,面膜
7179F4AEA7B129C3627C5935059D82F9,2,小黄瓜三分钟面膜超过3分钟会怎么样,分钟会怎么样,面膜
258BD3ACB9CBCD64C854A25831BB7306,1,笔记本电脑什么牌子好,笔记本电脑什么牌子好,笔记本电脑
FCDB95031134082F73ECD0F8EAAEBF69,4,正版耐克运动鞋,正版耐克运动鞋,运动鞋
E5E38E195A220DC87F58D435DC0D7C79,1,迪奥口红保质期,迪奥口红保质期,口红
08B6FC003E0E6975E879DAB5B28AC019,1,27度穿运动鞋行吗,27,运动鞋
08B6FC003E0E6975E879DAB5B28AC019,1,27度穿运动鞋行吗,度穿运动鞋行吗,运动鞋
EAE037E49AFD8FE310FEAD52C7D6AAEB,2,哪种洗发水防脱发效果好,哪种洗发水防脱发效果好,洗发水
36FF3A2EDBFC5DE9AF4B8269F8313DAE,3,樊文花面膜怎么样,樊文花面膜怎么样,面膜
B98327244C01CB448B619D8049882F48,3,一叶子面膜怎么样,一叶子面膜怎么样,面膜
24DA9FF2616B0EACCB659A2BA7D12F03,1,oppor9手机壳图片,oppor9,手机壳
24DA9FF2616B0EACCB659A2BA7D12F03,1,oppor9手机壳图片,手机壳图片,手机壳
E596A279929E15197557D1801791E563,3,绿豆面膜,绿豆面膜,面膜
74466B15F65747B3E06FCB900635540F,2,台电平板电脑,台电平板电脑,平板电脑
075ADF9F9C55812D431CC3475C7DFC00,3,绿豆面膜,绿豆面膜,面膜
71CE98F063DE3E02E72727CB8419A604,2,笔记本电脑连接投影仪桌面,笔记本电脑连接投影仪桌面,笔记本电脑
290B1608876FBC9E3833991C12F9C6AA,5,蓝牙耳机信号干扰,蓝牙耳机信号干扰,蓝牙耳机
B8F0FD0BEB4F1B5F65723AA19A224C85,2,笔记本电脑怎么usb上网,笔记本电脑怎么,笔记本电脑
B8F0FD0BEB4F1B5F65723AA19A224C85,2,笔记本电脑怎么usb上网,usb,笔记本电脑
B8F0FD0BEB4F1B5F65723AA19A224C85,2,笔记本电脑怎么usb上网,上网,笔记本电脑
E6F7F4B0B588E495E19E95A63DA421C1,2,蜂蜜加什么做面膜可以祛斑,蜂蜜加什么做面膜可以祛斑,面膜
43407EE4D65A80748A33A5C3586E457D,1,痘痘肌适合什么面膜,痘痘肌适合什么面膜,面膜
A56B986891F0D96C2E5737532696F328,5,玩游戏啥笔记本电脑好,玩游戏啥笔记本电脑好,笔记本电脑
47213AAE6A5326E5EA231ABDFFEED0F7,2,医院开的某某康面膜,医院开的某某康面膜,面膜
9A5D5F1223905294DF6A5BE08C1D1684,1,vivox6plus手机壳硅胶,vivox6plus,手机壳
9A5D5F1223905294DF6A5BE08C1D1684,1,vivox6plus手机壳硅胶,手机壳硅胶,手机壳
8347F7A7CCE79F985AD1B95CD15B2346,1,蔻露薇洗发水是品牌吗,蔻露薇洗发水是品牌吗,洗发水
88E7BCC0FED81CF0BA6A4433774225D7,2,伊思红参面膜功效,伊思红参面膜功效,面膜
B4E2A5AFBBBF2E41D9D96009E68C35AA,4,海藻泥面膜怎么用,海藻泥面膜怎么用,面膜
87305B8B56E290D896881260497FF9C9,2,笔记本电脑回车键失灵,笔记本电脑回车键失灵,笔记本电脑
4D9083739BE9B9E9C9B456D2A80BCC99,2,笔记本电脑什么牌子好,笔记本电脑什么牌子好,笔记本电脑
6B35F75ED3536BACBD330D215CD344EE,1,笔记本电脑什么牌子好,笔记本电脑什么牌子好,笔记本电脑
9A5A6427BA48F1BBBD7B96AD53B44F59,1,游戏笔记本电脑排行榜,游戏笔记本电脑排行榜,笔记本电脑
4BA86D294A5A162382AEE47658C082C2,2,笔记本电脑小喇叭不见了,笔记本电脑小喇叭不见了,笔记本电脑
9E17E4D361B3D9EC15185A1AEB69337C,3,lenovo430笔记本电脑的wife开关,lenovo430,笔记本电脑
9E17E4D361B3D9EC15185A1AEB69337C,3,lenovo430笔记本电脑的wife开关,笔记本电脑的,笔记本电脑
9E17E4D361B3D9EC15185A1AEB69337C,3,lenovo430笔记本电脑的wife开关,wife,笔记本电脑
9E17E4D361B3D9EC15185A1AEB69337C,3,lenovo430笔记本电脑的wife开关,开关,笔记本电脑
518DD3CFB7843831170FD6B031544E72,1,什么样的笔记本电脑直播好,什么样的笔记本电脑直播好,笔记本电脑
A3653CFC8D64A9C7D9865861E3141072,3,笔记本电脑什么牌子好,笔记本电脑什么牌子好,笔记本电脑
9D245D49B6B23EE0BD7737DF70122CAB,2,五谷杂粮面膜,五谷杂粮面膜,面膜
800FB81C47EAE05F3C2D51E94BF06F5C,1,蓝影平板电脑怎么样,蓝影平板电脑怎么样,平板电脑
4ADAD44114DE9D7B91FB682831C8C391,3,ysl圣罗兰14口红,ysl,口红
4ADAD44114DE9D7B91FB682831C8C391,3,ysl圣罗兰14口红,圣罗兰,口红
4ADAD44114DE9D7B91FB682831C8C391,3,ysl圣罗兰14口红,14,口红
4ADAD44114DE9D7B91FB682831C8C391,3,ysl圣罗兰14口红,口红,口红
7B9AB2E868399063876135C252D1A9E1,2,黑豆泥浆面膜敷完后的护理,黑豆泥浆面膜敷完后的护理,面膜
10631CFA3798C906B139EB25ADD53479,2,绿豆面膜,绿豆面膜,面膜
9CAEC3CF6BC827EB0290B36A6597BDF7,1,蛋清可以做什么面膜,蛋清可以做什么面膜,面膜
90E2516A22245F6BE0C7E81CB3B1398B,2,绿豆面膜,绿豆面膜,面膜
9FD4E415D13D26B6AA045BF95F491E1E,3,中国明星同款运动鞋,中国明星同款运动鞋,运动鞋
6123535C0A3D870D3B4C66D38220DA26,1,笔记本电脑小键盘怎么开,笔记本电脑小键盘怎么开,笔记本电脑
71876854DA1D81730B6D14F13D99F38F,3,蓝牙耳机怎么连接手机,蓝牙耳机怎么连接手机,蓝牙耳机
E93B2C1A8F42D683527A33D9D8ADFB0B,1,自做美白补水面膜,自做美白补水面膜,面膜
F2410B367ACD70EE1E582CF1A5105C55,1,一叶子面膜怎么样,一叶子面膜怎么样,面膜
8C1D7CDC36DEDDB9DFFB9B15957BF48E,2,皮肤偏黑黄适合什么口红,皮肤偏黑黄适合什么口红,口红
F944A6B7834E45A607E37A0C7B4852C3,2,一叶子面膜怎么样,一叶子面膜怎么样,面膜
BCB8676129463D0DBF622572D8BBD833,2,绿豆面膜祛痘效果好吗,绿豆面膜祛痘效果好吗,面膜
6A0AE6476352DA26FC860A81ACFE9798,1,笔记本电脑什么牌子好,笔记本电脑什么牌子好,笔记本电脑
0E903CCAF37367AE19B45C729918BF94,4,"平板电脑开机只显示厂家图标,其它没有反应",平板电脑开机只显示厂家图标,平板电脑
0E903CCAF37367AE19B45C729918BF94,4,"平板电脑开机只显示厂家图标,其它没有反应",其它没有反应,平板电脑
