seed,candidate,cooccur
"笔记本电脑","笔记",47
"笔记本电脑","电脑",47
"笔记本电脑","笔记本",47
"笔记本电脑","笔记本电脑",47
"笔记本电脑","500g",1
"笔记本电脑","硬盘",1
"口红","红色",1
"口红","口红",26
"口红","推荐",3
"面膜","一",39
"面膜","叶子",39
"面膜","面膜",125
"面膜","怎么",48
"面膜","怎么样",43
"平板电脑","紫光",2
"平板电脑","电子",2
"平板电脑","平板",15
"平板电脑","电脑",15
"平板电脑","怎么",3
"平板电脑","怎么样",3
"洗发水","吏努比",1
"洗发水","洗发",18
"洗发水","发水",18
"洗发水","洗发水",18
"洗发水","好",8
"洗发水","吗",4
"口红","什么",6
"口红","牌子",1
"口红","好用",2
"面膜","敷",7
"面膜","春雨",1
"面膜","需要",1
"面膜","洗脸",1
"面膜","吗",10
"笔记本电脑","滴滴",1
"笔记本电脑","滴响",1
"口红","麦克",1
"口红","侬",1
"口红","怎么",2
"口红","怎么样",2
"面膜","怀孕",1
"面膜","可以",6
"面膜","用",7
"面膜","猪皮",1
"口红","罗兰",3
"口红","圣罗兰",3
"口红","橘色",2
"口红","系",2
"面膜","sum37",1
"面膜","泡泡",1
"口红","美宝莲",1
"口红","的",7
"口红","好",3
"口红","气色",1
"口红","樱桃",1
"口红","桃红",1
"口红","樱桃红",1
"口红","05",1
"面膜","鸡蛋",1
"面膜","能",3
"面膜","和",2
"面膜","什么",5
"面膜","做",5
"面膜","黄瓜",3
"面膜","的",15
"面膜","功效",4
"面膜","泥",1
"面膜","涂",1
"笔记本电脑","什么",13
"笔记本电脑","牌子",14
"笔记本电脑","好",15
"面膜","几天",1
"面膜","一次",1
"面膜","最好",2
"面膜","水",4
"面膜","光",3
"面膜","多少",6
"面膜","钱",6
"面膜","一盒",5
"面膜","可莱丝",2
"面膜","卡通",2
"蓝牙耳机","蓝牙",7
"蓝牙耳机","耳机",7
"蓝牙耳机","充满",1
"蓝牙耳机","电有",1
"蓝牙耳机","什么",1
"蓝牙耳机","提示",1
"平板电脑","清华",1
"面膜","韩国",3
"面膜","樱花",1
"面膜","味道",1
"洗发水","很多",1
"洗发水","都",1
"洗发水","很",1
"洗发水","用",1
"洗发水",",",1
"洗发水","没有",1
"洗发水","头屑",1
"洗发水","英语",1
"洗发水","箭牌",1
"洗发水","好用",1
"平板电脑","台",7
"平板电脑","电",7
"面膜","馥佩",1
"面膜","荧光",2
"面膜","剂",2
"面膜","安娜",1
"面膜","安娜苏",1
"面膜","深层",1
"面膜","清洁",3
"面膜","hydra",1
"面膜","soother",1
"面膜","mask",1
"口红","唇",1
"口红","釉",1
"口红","还是",1
"笔记本电脑","sniper",1
"笔记本电脑","在",1
"笔记本电脑","哪",1
"蓝牙耳机","大概",1
"蓝牙耳机","多少",1
"蓝牙耳机","钱",1
"面膜","欧莱雅",1
"平板电脑","两千",1
"平板电脑","以内",1
"平板电脑","的",1
"面膜","要",2
"面膜","多久",1
"面膜","时间",1
"面膜","选",1
"面膜","珠光",2
"面膜","还是",1
"面膜","没",1
"笔记本电脑","黑屏",4
"笔记本电脑","怎么",7
"笔记本电脑","怎么办",2
"口红","高中",1
"口红","女生",1
"口红","高中女生",1
"口红","适合",4
"口红","用",1
"洗发水","迷丝香",1
"面膜","佰肤",2
"面膜","草",2
"面膜","多肽",1
"面膜","驻颜",1
"面膜","修护",2
"面膜","原液",1
"面膜","蚕丝",2
"洗发水","什么",3
"洗发水","牌子",3
"面膜","膜法",1
"面膜","世家",1
"面膜","揭开",1
"面膜","排行",1
"面膜","排行榜",1
"面膜","10",1
"面膜","强",1
"笔记本电脑","联想",2
"笔记本电脑","排行",2
"笔记本电脑","排行榜",2
"面膜","绿豆",9
"面膜","豆粉",1
"面膜","绿豆粉",1
"面膜","危害",1
"洗发水","国产",1
"洗发水","品牌",2
"洗发水","排行",2
"洗发水","排行榜",2
"洗发水","哪",3
"洗发水","种",3
"洗发水","脱发",3
"洗发水","防脱发",3
"洗发水","效果",3
"面膜","油性",1
"面膜","皮肤",1
"面膜","油性皮肤",1
"面膜","diy",1
"口红","皮肤",2
"口红","较",1
"口红","黑",1
"口红","颜色",3
"洗发水","沙宣",1
"洗发水","含",1
"洗发水","硅油",1
"羽绒服","波司登",1
"羽绒服","羽绒",6
"羽绒服","羽绒服",6
"口红","美丽",1
"口红","誓言",1
"面膜","美肌",1
"面膜","男",1
"面膜","影响",1
"面膜","喝酒",1
"笔记本电脑","触手",1
"口红","士林",1
"口红","凡士林",1
"口红","自制",1
"口红","40",1
"口红","+",1
"口红","中年",1
"口红","中年人",1
"面膜","每天",1
"面膜","都",1
"洗发水","豆蔻",1
"洗发水","怎么",1
"洗发水","洗",1
"面膜","天天",2
"面膜","青瓜",1
"面膜","自制",2
"面膜","牛奶",2
"面膜","蜂蜜",2
"面膜","美白",4
"笔记本电脑","忽然",1
"笔记本电脑","关机",1
"笔记本电脑","开机",4
"笔记本电脑","没",1
"笔记本电脑","反应",1
"笔记本电脑","了",2
"口红","德国",1
"面膜","laneige",1
"面膜","/",2
"面膜","兰芝",1
"面膜","臻",1
"面膜","白",1
"面膜","睡眠",2
"面膜","补水",4
"面膜","保",1
"面膜","?",1
"面膜","百度",1
"笔记本电脑","才能",1
"笔记本电脑","上网",2
"口红","平价",1
"面膜","kose",1
"面膜","cosmeport",1
"面膜","使用",1
"面膜","说明",1
"手机壳","walabot",1
"手机壳","手机",10
"手机壳","壳",9
"洗发水","和",1
"洗发水","杨洋",1
"洗发水","拍",1
"洗发水","广告",1
"洗发水","的",1
"洗发水","女孩",1
"面膜","价格",3
"面膜","价格表",3
"平板电脑","惠凯",1
"平板电脑","多少",1
"平板电脑","钱",1
"面膜","有",4
"面膜","哪些",2
"面膜","牌子",2
"笔记本电脑","苹果",1
"笔记本电脑","上",1
"笔记本电脑","咋",1
"笔记本电脑","装",1
"笔记本电脑","dnf",1
"面膜","雪花",1
"面膜","秀",1
"面膜","拉丝",1
"面膜","从",1
"面膜","下",1
"面膜","往",1
"面膜","上",1
"面膜","撕",2
"笔记本电脑","经常",1
"笔记本电脑","用",2
"笔记本电脑","开",2
"笔记本电脑","wifi",1
"笔记本电脑","吗",1
"面膜","3d",1
"手机壳","华为",1
"手机壳","5s",1
"笔记本电脑","搜索",2
"笔记本电脑","不到",2
"笔记本电脑","无线",3
"笔记本电脑","线网",2
"笔记本电脑","网络",2
"笔记本电脑","无线网",2
"笔记本电脑","无线网络",2
"面膜","zuzu",1
"面膜","脸上",2
"面膜","火辣",1
"面膜","火辣辣",1
"面膜","回事",1
"面膜","怎么回事",1
"面膜","相关",1
"面膜","过期",1
"面膜","还",1
"口红","尿道",1
"口红","道口",1
"口红","尿道口",1
"口红","红肿",1
"口红","性病",1
"面膜","蔻",1
"面膜","辰",1
"面膜","卖点",1
"笔记本电脑","ips",1
"笔记本电脑","屏幕",1
"笔记本电脑","一般",1
"笔记本电脑","满电",1
"笔记本电脑","多长",1
"笔记本电脑","时间",1
"笔记本电脑","长时间",1
"笔记本电脑","多长时间",1
"平板电脑","买",1
"平板电脑","什么",1
"平板电脑","最好",1
"运动鞋","裙子",1
"运动鞋","配",1
"运动鞋","运动",7
"运动鞋","运动鞋",6
"面膜","撕拉",1
"面膜","毛孔",1
"面膜","会",2
"面膜","变大",1
"笔记本电脑","设置",2
"笔记本电脑","美式",1
"笔记本电脑","键盘",3
"羽绒服","2.15",1
"羽绒服","年",1
"羽绒服","韩板",1
"面膜","最新",1
"面膜","毒",1
"手机壳","oppor9",2
"手机壳","图片",2
"羽绒服","什么",1
"羽绒服","牌子",1
"羽绒服","的",2
"羽绒服","好看",1
"羽绒服","质量",1
"羽绒服","又",1
"羽绒服","好",1
"面膜","钰肤",1
"面膜","嘉",1
"蓝牙耳机","在",1
"蓝牙耳机","没",1
"蓝牙耳机","接通",1
"蓝牙耳机","电话",1
"蓝牙耳机","是",1
"蓝牙耳机","有",1
"蓝牙耳机","磁场",1
"蓝牙耳机","吗",1
"面膜","蛋白",1
"面膜","保湿",1
"净水器","格尼星",1
"净水器","净水",2
"净水器","水器",2
"净水器","净水器",2
"净水器","怎么",2
"净水器","怎么样",1
"面膜","含",1
"面膜","品牌",1
"笔记本电脑","前置",1
"笔记本电脑","摄像",1
"笔记本电脑","像头",1
"笔记本电脑","摄像头",1
"笔记本电脑","像素",1
"面膜","婴儿",1
"面膜","真假",1
"面膜","分辨",1
"面膜","图",1
"净水器","超滤",1
"净水器","有",1
"净水器","异味",1
"净水器","怎么办",1
"羽绒服","龙狮",1
"羽绒服","戴尔",1
"羽绒服","图片",1
"面膜","刺痛",3
"面膜","痛感",2
"面膜","刺痛感",2
"机械键盘","简约",1
"机械键盘","的",1
"机械键盘","机械",2
"机械键盘","键盘",2
"口红","chanel",1
"口红","mac",2
"口红","see",1
"口红","sheer",1
"口红","试色",1
"笔记本电脑","进水",1
"笔记本电脑","失灵",2
"面膜","得鲜",1
"面膜","孕妇",2
"面膜","不能",1
"面膜","樱草",1
"羽绒服","红豆",1
"羽绒服","怎么",1
"羽绒服","怎么样",1
"面膜","古瓷",1
"面膜","自然",1
"面膜","乐园",1
"面膜","夏威夷",1
"口红","迪奥",2
"口红","真假",1
"口红","辨别",1
"机械键盘","达尔",1
"机械键盘","优",1
"笔记本电脑","小新",1
"笔记本电脑","700",1
"笔记本电脑","电",1
"笔记本电脑","竞版",1
"笔记本电脑","15.6",1
"笔记本电脑","寸",1
"笔记本电脑","游戏",3
"面膜","百雀羚",1
"面膜","后面",1
"面膜","c",1
"面膜","5",1
"面膜","是",1
"面膜","意思",1
"口红","3ce",1
"口红","多少",1
"口红","钱",1
"口红","一支",1
"面膜","亚",1
"面膜","缇",1
"面膜","克兰",1
"面膜","skin79",1
"面膜","官网",1
"洗发水","日本",1
"洗发水","熊",1
"洗发水","野马",1
"洗发水","油",1
"面膜","黑乎乎",1
"面膜","海藻",2
"面膜","千万",1
"面膜","千万别",1
"面膜","买",1
"笔记本电脑","排名",2
"口红","白道",1
"口红","起白道",1
"笔记本电脑","路由",1
"笔记本电脑","路由器",1
"面膜","方法",1
"洗发水","生姜",1
"手机壳","一加",1
"手机壳","三",1
"手机壳","怎么",1
"手机壳","怎么样",1
"口红","系列",1
"运动鞋","十大",1
"运动鞋","鞋子",1
"运动鞋","品牌",2
"面膜","贴",2
"面膜","在",1
"面膜","有点",1
"手机壳","玫瑰",1
"手机壳","金",1
"手机壳","的",3
"手机壳","要",1
"手机壳","哪",1
"手机壳","颜色",1
"手机壳","种颜色",1
"手机壳","自己",1
"手机壳","diy",1
"面膜","敏感",1
"面膜","肌",2
"面膜","好用",1
"面膜","吃",1
"面膜","了",2
"面膜","怎么办",1
"运动鞋","高中",1
"运动鞋","女生",1
"运动鞋","高中女生",1
"运动鞋","图片",1
"口红","espoir",1
"面膜","哪个",1
"面膜","好",3
"面膜","防",1
"面膜","过敏",1
"口红","没抹",1
"口红","完",1
"口红","电视",1
"口红","电视剧",1
"羽绒服","与",1
"羽绒服","冲锋",1
"羽绒服","冲锋衣",1
"面膜","优资莱",1
"运动鞋","所有",1
"运动鞋","标志",1
"面膜","祛痘",2
"面膜","哪种",1
"口红","唇色",1
"口红","深用",1
"蓝牙耳机","捷波朗",1
"蓝牙耳机","官网",1
"蓝牙耳机","小米",1
"蓝牙耳机","4s",1
"蓝牙耳机","怎么",2
"蓝牙耳机","设置",1
"蓝牙耳机","和",1
"蓝牙耳机","wifi",1
"蓝牙耳机","冲突",1
"洗发水","国际",1
"洗发水","欧",1
"洗发水","芭",1
"笔记本电脑","华硕",1
"笔记本电脑","如何",1
"笔记本电脑","操作",1
"笔记本电脑","数字",1
"笔记本电脑","和",1
"笔记本电脑","字母",1
"笔记本电脑","的",3
"笔记本电脑","切换",1
"笔记本电脑","功能",1
"笔记本电脑","开启",1
"手机壳","制作",1
"手机壳","奶油",1
"手机壳","材料",1
"面膜","赫恩",1
"面膜","男士",1
"面膜","小黄瓜",1
"面膜","三分",1
"面膜","分钟",2
"面膜","三分钟",1
"面膜","超过",1
"面膜","3",1
"运动鞋","正版",1
"运动鞋","耐克",1
"口红","保质",1
"口红","保质期",1
"运动鞋","27",1
"运动鞋","度",1
"运动鞋","穿",1
"运动鞋","行",1
"运动鞋","吗",1
"面膜","樊文花",1
"笔记本电脑","连接",1
"笔记本电脑","投影",1
"笔记本电脑","投影仪",1
"笔记本电脑","桌面",1
"蓝牙耳机","信号",1
"蓝牙耳机","干扰",1
"笔记本电脑","usb",1
"面膜","加",1
"面膜","祛斑",1
"面膜","痘痘",1
"面膜","适合",1
"笔记本电脑","玩游",1
"笔记本电脑","玩游戏",1
"笔记本电脑","啥",1
"面膜","医院",1
"面膜","开",1
"面膜","某某",1
"面膜","康",1
"手机壳","vivox6plus",1
"手机壳","硅胶",1
"洗发水","蔻",1
"洗发水","露薇",1
"洗发水","是",1
"面膜","伊思红参",1
"面膜","泥面膜",1
"笔记本电脑","回车",1
"笔记本电脑","回车键",1
"笔记本电脑","喇叭",1
"笔记本电脑","小喇叭",1
"笔记本电脑","不见",1
"笔记本电脑","lenovo430",1
"笔记本电脑","wife",1
"笔记本电脑","开关",1
"笔记本电脑","什么样",1
"笔记本电脑","直播",1
"面膜","五谷",1
"面膜","杂粮",1
"面膜","五谷杂粮",1
"平板电脑","蓝影",1
"口红","ysl",1
"口红","14",1
"面膜","黑豆",1
"面膜","泥浆",1
"面膜","完后",1
"面膜","护理",1
"面膜","蛋清",1
"运动鞋","中国",1
"运动鞋","明星",1
"运动鞋","同款",1
"笔记本电脑","小键盘",1
"蓝牙耳机","连接",1
"蓝牙耳机","手机",1
"面膜","自做",1
"口红","偏黑",1
"口红","黄",1
"面膜","效果",1
"平板电脑","开机",1
"平板电脑","只",1
"平板电脑","显示",1
"平板电脑","厂家",1
"平板电脑","图标",1
"平板电脑",",",1
"平板电脑","其它",1
"平板电脑","没有",1
"平板电脑","反应",1
