seed,sample_query
诺基亚,诺基亚哪个国家的品牌
诺基亚,"习惯了一个时间醒,然后很晚睡也早早醒怎么?诺基亚5250"
诺基亚,诺基亚的lumia1020
中国联通,中国联通
中国联通,中国联通官网
中国联通,中国联通河南网上营业厅
三星,三星g7106参数
三星,三星g7106
三星,三星note7
苹果,苹果7合约套餐
苹果,苹果7合约机
苹果,苹果电影简介
中国移动,中国移动怎么看星级
中国移动,中国移动
中国移动,中国移动网上营业厅
阿迪达斯,耐克好还是阿迪达斯好
阿迪达斯,aktiv阿迪达斯鞋标
阿迪达斯,aktiv阿迪达斯
耐克,一双耐克帆布鞋猜猜是什么
耐克,耐克登月系列
耐克,耐克好还是阿迪达斯好
洗衣粉,皂粉和洗衣粉的区别
洗衣粉,透明皂和洗衣粉
洗衣粉,生产洗衣粉原料
洗衣液,碧浪洗衣液是什么香味
洗衣液,蓝月亮洗衣液
洗衣液,蓝月亮洗衣液3kg价格
格力,格力空调说明书
格力,格力u酷说明书
格力,格力空调遥控器说明书
美的,美的历史第90页是什么
美的,唯美的句子
美的,最唯美的qq分组
海尔,海尔蓝晶8公斤滚筒洗衣机
海尔,海尔蓝晶洗衣机金纺怎么放
海尔,海尔滚筒洗衣机说明书
新东方,沈阳新东方高考文化课怎么做
新东方,沈阳新东方怎么样
新东方,新东方英语是谁创办的
蓝翔,南昌蓝翔技校
蓝翔,蓝翔技校学汽修多少钱
蓝翔,学修车到蓝翔几年能毕业
